# https://github.com/mikedh/trimesh
mtllib material.mtl
usemtl 0.647059_0.647059_0.647059_0.000000_0.000000
v -0.01297340 -0.00056643 -0.01668870
v -0.01297340 -0.00056643 -0.01668870
v -0.01298580 0.00000000 -0.01668870
v -0.01298580 0.00000000 -0.01668870
v -0.01298580 0.00000000 -0.00333037
v -0.01298580 0.00000000 -0.00333037
v -0.01293640 -0.00113178 -0.01668870
v -0.01293640 -0.00113178 -0.01668870
v -0.01297340 -0.00056643 -0.00333037
v -0.01297340 -0.00056643 -0.00333037
v -0.01287470 -0.00169498 -0.01668870
v -0.01287470 -0.00169498 -0.01668870
v -0.01293640 -0.00113178 -0.00333037
v -0.01293640 -0.00113178 -0.00333037
v -0.01278850 -0.00225496 -0.01668870
v -0.01278850 -0.00225496 -0.01668870
v -0.01287470 -0.00169498 -0.00333037
v -0.01287470 -0.00169498 -0.00333037
v -0.01267800 -0.00281064 -0.01668870
v -0.01267800 -0.00281064 -0.01668870
v -0.01278850 -0.00225496 -0.00333037
v -0.01278850 -0.00225496 -0.00333037
v -0.01254330 -0.00336097 -0.01668870
v -0.01254330 -0.00336097 -0.01668870
v -0.01267800 -0.00281064 -0.00333037
v -0.01267800 -0.00281064 -0.00333037
v -0.01238480 -0.00390490 -0.01668870
v -0.01238480 -0.00390490 -0.01668870
v -0.01254330 -0.00336097 -0.00333037
v -0.01254330 -0.00336097 -0.00333037
v -0.01220260 -0.00444140 -0.01668870
v -0.01220260 -0.00444140 -0.01668870
v -0.01238480 -0.00390490 -0.00333037
v -0.01238480 -0.00390490 -0.00333037
v -0.01199730 -0.00496944 -0.01668870
v -0.01199730 -0.00496944 -0.01668870
v -0.01220260 -0.00444140 -0.00333037
v -0.01220260 -0.00444140 -0.00333037
v -0.01176910 -0.00548802 -0.01668870
v -0.01176910 -0.00548802 -0.01668870
v -0.01199730 -0.00496944 -0.00333037
v -0.01199730 -0.00496944 -0.00333037
v -0.01151850 -0.00599616 -0.01668870
v -0.01151850 -0.00599616 -0.01668870
v -0.01176910 -0.00548802 -0.00333037
v -0.01176910 -0.00548802 -0.00333037
v -0.01124600 -0.00649289 -0.01668870
v -0.01124600 -0.00649289 -0.01668870
v -0.01151850 -0.00599616 -0.00333037
v -0.01151850 -0.00599616 -0.00333037
v -0.01095210 -0.00697725 -0.01668870
v -0.01095210 -0.00697725 -0.01668870
v -0.01124600 -0.00649289 -0.00333037
v -0.01124600 -0.00649289 -0.00333037
v -0.01063730 -0.00744833 -0.01668870
v -0.01063730 -0.00744833 -0.01668870
v -0.01095210 -0.00697725 -0.00333037
v -0.01095210 -0.00697725 -0.00333037
v -0.01030230 -0.00790524 -0.01668870
v -0.01030230 -0.00790524 -0.01668870
v -0.01063730 -0.00744833 -0.00333037
v -0.01063730 -0.00744833 -0.00333037
v -0.00994768 -0.00834709 -0.01668870
v -0.00994768 -0.00834709 -0.01668870
v -0.01030230 -0.00790524 -0.00333037
v -0.01030230 -0.00790524 -0.00333037
v -0.00957412 -0.00877306 -0.01668870
v -0.00957412 -0.00877306 -0.01668870
v -0.00994768 -0.00834709 -0.00333037
v -0.00994768 -0.00834709 -0.00333037
v -0.00918233 -0.00918233 -0.01668870
v -0.00918233 -0.00918233 -0.01668870
v -0.00957412 -0.00877306 -0.00333037
v -0.00957412 -0.00877306 -0.00333037
v -0.00877306 -0.00957412 -0.01668870
v -0.00877306 -0.00957412 -0.01668870
v -0.00918233 -0.00918233 -0.00333037
v -0.00918233 -0.00918233 -0.00333037
v -0.00834709 -0.00994768 -0.01668870
v -0.00834709 -0.00994768 -0.01668870
v -0.00877306 -0.00957412 -0.00333037
v -0.00877306 -0.00957412 -0.00333037
v -0.00790524 -0.01030230 -0.01668870
v -0.00790524 -0.01030230 -0.01668870
v -0.00834709 -0.00994768 -0.00333037
v -0.00834709 -0.00994768 -0.00333037
v -0.00744833 -0.01063730 -0.01668870
v -0.00744833 -0.01063730 -0.01668870
v -0.00790524 -0.01030230 -0.00333037
v -0.00790524 -0.01030230 -0.00333037
v -0.00697725 -0.01095210 -0.01668870
v -0.00697725 -0.01095210 -0.01668870
v -0.00744833 -0.01063730 -0.00333037
v -0.00744833 -0.01063730 -0.00333037
v -0.00649289 -0.01124600 -0.01668870
v -0.00649289 -0.01124600 -0.01668870
v -0.00697725 -0.01095210 -0.00333037
v -0.00697725 -0.01095210 -0.00333037
v -0.00599616 -0.01151850 -0.01668870
v -0.00599616 -0.01151850 -0.01668870
v -0.00649289 -0.01124600 -0.00333037
v -0.00649289 -0.01124600 -0.00333037
v -0.00548802 -0.01176910 -0.01668870
v -0.00548802 -0.01176910 -0.01668870
v -0.00599616 -0.01151850 -0.00333037
v -0.00599616 -0.01151850 -0.00333037
v -0.00496944 -0.01199730 -0.01668870
v -0.00496944 -0.01199730 -0.01668870
v -0.00548802 -0.01176910 -0.00333037
v -0.00548802 -0.01176910 -0.00333037
v -0.00444140 -0.01220260 -0.01668870
v -0.00444140 -0.01220260 -0.01668870
v -0.00496944 -0.01199730 -0.00333037
v -0.00496944 -0.01199730 -0.00333037
v -0.00390490 -0.01238480 -0.01668870
v -0.00390490 -0.01238480 -0.01668870
v -0.00444140 -0.01220260 -0.00333037
v -0.00444140 -0.01220260 -0.00333037
v -0.00336097 -0.01254330 -0.01668870
v -0.00336097 -0.01254330 -0.01668870
v -0.00390490 -0.01238480 -0.00333037
v -0.00390490 -0.01238480 -0.00333037
v -0.00281064 -0.01267800 -0.01668870
v -0.00281064 -0.01267800 -0.01668870
v -0.00336097 -0.01254330 -0.00333037
v -0.00336097 -0.01254330 -0.00333037
v -0.00225496 -0.01278850 -0.01668870
v -0.00225496 -0.01278850 -0.01668870
v -0.00281064 -0.01267800 -0.00333037
v -0.00281064 -0.01267800 -0.00333037
v -0.00169498 -0.01287470 -0.01668870
v -0.00169498 -0.01287470 -0.01668870
v -0.00225496 -0.01278850 -0.00333037
v -0.00225496 -0.01278850 -0.00333037
v -0.00113178 -0.01293640 -0.01668870
v -0.00113178 -0.01293640 -0.01668870
v -0.00169498 -0.01287470 -0.00333037
v -0.00169498 -0.01287470 -0.00333037
v -0.00056643 -0.01297340 -0.01668870
v -0.00056643 -0.01297340 -0.01668870
v -0.00113178 -0.01293640 -0.00333037
v -0.00113178 -0.01293640 -0.00333037
v 0.00000000 -0.01298580 -0.01668870
v 0.00000000 -0.01298580 -0.01668870
v -0.00056643 -0.01297340 -0.00333037
v -0.00056643 -0.01297340 -0.00333037
v 0.00056643 -0.01297340 -0.01668870
v 0.00056643 -0.01297340 -0.01668870
v 0.00000000 -0.01298580 -0.00333037
v 0.00000000 -0.01298580 -0.00333037
v 0.00113178 -0.01293640 -0.01668870
v 0.00113178 -0.01293640 -0.01668870
v 0.00056643 -0.01297340 -0.00333037
v 0.00056643 -0.01297340 -0.00333037
v 0.00169498 -0.01287470 -0.01668870
v 0.00169498 -0.01287470 -0.01668870
v 0.00113178 -0.01293640 -0.00333037
v 0.00113178 -0.01293640 -0.00333037
v 0.00225496 -0.01278850 -0.01668870
v 0.00225496 -0.01278850 -0.01668870
v 0.00169498 -0.01287470 -0.00333037
v 0.00169498 -0.01287470 -0.00333037
v 0.00281064 -0.01267800 -0.01668870
v 0.00281064 -0.01267800 -0.01668870
v 0.00225496 -0.01278850 -0.00333037
v 0.00225496 -0.01278850 -0.00333037
v 0.00336097 -0.01254330 -0.01668870
v 0.00336097 -0.01254330 -0.01668870
v 0.00281064 -0.01267800 -0.00333037
v 0.00281064 -0.01267800 -0.00333037
v 0.00390490 -0.01238480 -0.01668870
v 0.00390490 -0.01238480 -0.01668870
v 0.00336097 -0.01254330 -0.00333037
v 0.00336097 -0.01254330 -0.00333037
v 0.00444140 -0.01220260 -0.01668870
v 0.00444140 -0.01220260 -0.01668870
v 0.00390490 -0.01238480 -0.00333037
v 0.00390490 -0.01238480 -0.00333037
v 0.00496944 -0.01199730 -0.01668870
v 0.00496944 -0.01199730 -0.01668870
v 0.00444140 -0.01220260 -0.00333037
v 0.00444140 -0.01220260 -0.00333037
v 0.00548802 -0.01176910 -0.01668870
v 0.00548802 -0.01176910 -0.01668870
v 0.00496944 -0.01199730 -0.00333037
v 0.00496944 -0.01199730 -0.00333037
v 0.00599616 -0.01151850 -0.01668870
v 0.00599616 -0.01151850 -0.01668870
v 0.00548802 -0.01176910 -0.00333037
v 0.00548802 -0.01176910 -0.00333037
v 0.00649289 -0.01124600 -0.01668870
v 0.00649289 -0.01124600 -0.01668870
v 0.00599616 -0.01151850 -0.00333037
v 0.00599616 -0.01151850 -0.00333037
v 0.00697725 -0.01095210 -0.01668870
v 0.00697725 -0.01095210 -0.01668870
v 0.00649289 -0.01124600 -0.00333037
v 0.00649289 -0.01124600 -0.00333037
v 0.00744833 -0.01063730 -0.01668870
v 0.00744833 -0.01063730 -0.01668870
v 0.00697725 -0.01095210 -0.00333037
v 0.00697725 -0.01095210 -0.00333037
v 0.00790524 -0.01030230 -0.01668870
v 0.00790524 -0.01030230 -0.01668870
v 0.00744833 -0.01063730 -0.00333037
v 0.00744833 -0.01063730 -0.00333037
v 0.00834709 -0.00994768 -0.01668870
v 0.00834709 -0.00994768 -0.01668870
v 0.00790524 -0.01030230 -0.00333037
v 0.00790524 -0.01030230 -0.00333037
v 0.00877306 -0.00957412 -0.01668870
v 0.00877306 -0.00957412 -0.01668870
v 0.00834709 -0.00994768 -0.00333037
v 0.00834709 -0.00994768 -0.00333037
v 0.00918233 -0.00918233 -0.01668870
v 0.00918233 -0.00918233 -0.01668870
v 0.00877306 -0.00957412 -0.00333037
v 0.00877306 -0.00957412 -0.00333037
v 0.00957412 -0.00877306 -0.01668870
v 0.00957412 -0.00877306 -0.01668870
v 0.00918233 -0.00918233 -0.00333037
v 0.00918233 -0.00918233 -0.00333037
v 0.00994768 -0.00834709 -0.01668870
v 0.00994768 -0.00834709 -0.01668870
v 0.00957412 -0.00877306 -0.00333037
v 0.00957412 -0.00877306 -0.00333037
v 0.01030230 -0.00790524 -0.01668870
v 0.01030230 -0.00790524 -0.01668870
v 0.00994768 -0.00834709 -0.00333037
v 0.00994768 -0.00834709 -0.00333037
v 0.01063730 -0.00744833 -0.01668870
v 0.01063730 -0.00744833 -0.01668870
v 0.01030230 -0.00790524 -0.00333037
v 0.01030230 -0.00790524 -0.00333037
v 0.01095210 -0.00697725 -0.01668870
v 0.01095210 -0.00697725 -0.01668870
v 0.01063730 -0.00744833 -0.00333037
v 0.01063730 -0.00744833 -0.00333037
v 0.01124600 -0.00649289 -0.01668870
v 0.01124600 -0.00649289 -0.01668870
v 0.01095210 -0.00697725 -0.00333037
v 0.01095210 -0.00697725 -0.00333037
v 0.01151850 -0.00599616 -0.01668870
v 0.01151850 -0.00599616 -0.01668870
v 0.01124600 -0.00649289 -0.00333037
v 0.01124600 -0.00649289 -0.00333037
v 0.01176910 -0.00548802 -0.01668870
v 0.01176910 -0.00548802 -0.01668870
v 0.01151850 -0.00599616 -0.00333037
v 0.01151850 -0.00599616 -0.00333037
v 0.01199730 -0.00496944 -0.01668870
v 0.01199730 -0.00496944 -0.01668870
v 0.01176910 -0.00548802 -0.00333037
v 0.01176910 -0.00548802 -0.00333037
v 0.01220260 -0.00444140 -0.01668870
v 0.01220260 -0.00444140 -0.01668870
v 0.01199730 -0.00496944 -0.00333037
v 0.01199730 -0.00496944 -0.00333037
v 0.01238480 -0.00390490 -0.01668870
v 0.01238480 -0.00390490 -0.01668870
v 0.01220260 -0.00444140 -0.00333037
v 0.01220260 -0.00444140 -0.00333037
v 0.01254330 -0.00336097 -0.01668870
v 0.01254330 -0.00336097 -0.01668870
v 0.01238480 -0.00390490 -0.00333037
v 0.01238480 -0.00390490 -0.00333037
v 0.01267800 -0.00281064 -0.01668870
v 0.01267800 -0.00281064 -0.01668870
v 0.01254330 -0.00336097 -0.00333037
v 0.01254330 -0.00336097 -0.00333037
v 0.01278850 -0.00225496 -0.01668870
v 0.01278850 -0.00225496 -0.01668870
v 0.01267800 -0.00281064 -0.00333037
v 0.01267800 -0.00281064 -0.00333037
v 0.01287470 -0.00169498 -0.01668870
v 0.01287470 -0.00169498 -0.01668870
v 0.01278850 -0.00225496 -0.00333037
v 0.01278850 -0.00225496 -0.00333037
v 0.01293640 -0.00113178 -0.01668870
v 0.01293640 -0.00113178 -0.01668870
v 0.01287470 -0.00169498 -0.00333037
v 0.01287470 -0.00169498 -0.00333037
v 0.01297340 -0.00056643 -0.01668870
v 0.01297340 -0.00056643 -0.01668870
v 0.01293640 -0.00113178 -0.00333037
v 0.01293640 -0.00113178 -0.00333037
v 0.01298580 0.00000000 -0.01668870
v 0.01298580 0.00000000 -0.01668870
v 0.01297340 -0.00056643 -0.00333037
v 0.01297340 -0.00056643 -0.00333037
v 0.01297340 0.00056643 -0.01668870
v 0.01297340 0.00056643 -0.01668870
v 0.01298580 0.00000000 -0.00333037
v 0.01298580 0.00000000 -0.00333037
v 0.01293640 0.00113178 -0.01668870
v 0.01293640 0.00113178 -0.01668870
v 0.01297340 0.00056643 -0.00333037
v 0.01297340 0.00056643 -0.00333037
v 0.01287470 0.00169498 -0.01668870
v 0.01287470 0.00169498 -0.01668870
v 0.01293640 0.00113178 -0.00333037
v 0.01293640 0.00113178 -0.00333037
v 0.01278850 0.00225496 -0.01668870
v 0.01278850 0.00225496 -0.01668870
v 0.01287470 0.00169498 -0.00333037
v 0.01287470 0.00169498 -0.00333037
v 0.01267800 0.00281064 -0.01668870
v 0.01267800 0.00281064 -0.01668870
v 0.01278850 0.00225496 -0.00333037
v 0.01278850 0.00225496 -0.00333037
v 0.01254330 0.00336097 -0.01668870
v 0.01254330 0.00336097 -0.01668870
v 0.01267800 0.00281064 -0.00333037
v 0.01267800 0.00281064 -0.00333037
v 0.01238480 0.00390490 -0.01668870
v 0.01238480 0.00390490 -0.01668870
v 0.01254330 0.00336097 -0.00333037
v 0.01254330 0.00336097 -0.00333037
v 0.01220260 0.00444140 -0.01668870
v 0.01220260 0.00444140 -0.01668870
v 0.01238480 0.00390490 -0.00333037
v 0.01238480 0.00390490 -0.00333037
v 0.01199730 0.00496944 -0.01668870
v 0.01199730 0.00496944 -0.01668870
v 0.01220260 0.00444140 -0.00333037
v 0.01220260 0.00444140 -0.00333037
v 0.01176910 0.00548802 -0.01668870
v 0.01176910 0.00548802 -0.01668870
v 0.01199730 0.00496944 -0.00333037
v 0.01199730 0.00496944 -0.00333037
v 0.01151850 0.00599616 -0.01668870
v 0.01151850 0.00599616 -0.01668870
v 0.01176910 0.00548802 -0.00333037
v 0.01176910 0.00548802 -0.00333037
v 0.01124600 0.00649289 -0.01668870
v 0.01124600 0.00649289 -0.01668870
v 0.01151850 0.00599616 -0.00333037
v 0.01151850 0.00599616 -0.00333037
v 0.01095210 0.00697725 -0.01668870
v 0.01095210 0.00697725 -0.01668870
v 0.01124600 0.00649289 -0.00333037
v 0.01124600 0.00649289 -0.00333037
v 0.01063730 0.00744833 -0.01668870
v 0.01063730 0.00744833 -0.01668870
v 0.01095210 0.00697725 -0.00333037
v 0.01095210 0.00697725 -0.00333037
v 0.01030230 0.00790524 -0.01668870
v 0.01030230 0.00790524 -0.01668870
v 0.01063730 0.00744833 -0.00333037
v 0.01063730 0.00744833 -0.00333037
v 0.00994768 0.00834709 -0.01668870
v 0.00994768 0.00834709 -0.01668870
v 0.01030230 0.00790524 -0.00333037
v 0.01030230 0.00790524 -0.00333037
v 0.00957412 0.00877306 -0.01668870
v 0.00957412 0.00877306 -0.01668870
v 0.00994768 0.00834709 -0.00333037
v 0.00994768 0.00834709 -0.00333037
v 0.00918233 0.00918233 -0.01668870
v 0.00918233 0.00918233 -0.01668870
v 0.00957412 0.00877306 -0.00333037
v 0.00957412 0.00877306 -0.00333037
v 0.00877306 0.00957412 -0.01668870
v 0.00877306 0.00957412 -0.01668870
v 0.00918233 0.00918233 -0.00333037
v 0.00918233 0.00918233 -0.00333037
v 0.00834709 0.00994768 -0.01668870
v 0.00834709 0.00994768 -0.01668870
v 0.00877306 0.00957412 -0.00333037
v 0.00877306 0.00957412 -0.00333037
v 0.00790524 0.01030230 -0.01668870
v 0.00790524 0.01030230 -0.01668870
v 0.00834709 0.00994768 -0.00333037
v 0.00834709 0.00994768 -0.00333037
v 0.00744833 0.01063730 -0.01668870
v 0.00744833 0.01063730 -0.01668870
v 0.00790524 0.01030230 -0.00333037
v 0.00790524 0.01030230 -0.00333037
v 0.00697725 0.01095210 -0.01668870
v 0.00697725 0.01095210 -0.01668870
v 0.00744833 0.01063730 -0.00333037
v 0.00744833 0.01063730 -0.00333037
v 0.00649289 0.01124600 -0.01668870
v 0.00649289 0.01124600 -0.01668870
v 0.00697725 0.01095210 -0.00333037
v 0.00697725 0.01095210 -0.00333037
v 0.00599616 0.01151850 -0.01668870
v 0.00599616 0.01151850 -0.01668870
v 0.00649289 0.01124600 -0.00333037
v 0.00649289 0.01124600 -0.00333037
v 0.00548802 0.01176910 -0.01668870
v 0.00548802 0.01176910 -0.01668870
v 0.00599616 0.01151850 -0.00333037
v 0.00599616 0.01151850 -0.00333037
v 0.00496944 0.01199730 -0.01668870
v 0.00496944 0.01199730 -0.01668870
v 0.00548802 0.01176910 -0.00333037
v 0.00548802 0.01176910 -0.00333037
v 0.00444140 0.01220260 -0.01668870
v 0.00444140 0.01220260 -0.01668870
v 0.00496944 0.01199730 -0.00333037
v 0.00496944 0.01199730 -0.00333037
v 0.00390490 0.01238480 -0.01668870
v 0.00390490 0.01238480 -0.01668870
v 0.00444140 0.01220260 -0.00333037
v 0.00444140 0.01220260 -0.00333037
v 0.00336097 0.01254330 -0.01668870
v 0.00336097 0.01254330 -0.01668870
v 0.00390490 0.01238480 -0.00333037
v 0.00390490 0.01238480 -0.00333037
v 0.00281064 0.01267800 -0.01668870
v 0.00281064 0.01267800 -0.01668870
v 0.00336097 0.01254330 -0.00333037
v 0.00336097 0.01254330 -0.00333037
v 0.00225496 0.01278850 -0.01668870
v 0.00225496 0.01278850 -0.01668870
v 0.00281064 0.01267800 -0.00333037
v 0.00281064 0.01267800 -0.00333037
v 0.00169498 0.01287470 -0.01668870
v 0.00169498 0.01287470 -0.01668870
v 0.00225496 0.01278850 -0.00333037
v 0.00225496 0.01278850 -0.00333037
v 0.00113178 0.01293640 -0.01668870
v 0.00113178 0.01293640 -0.01668870
v 0.00169498 0.01287470 -0.00333037
v 0.00169498 0.01287470 -0.00333037
v 0.00056643 0.01297340 -0.01668870
v 0.00056643 0.01297340 -0.01668870
v 0.00113178 0.01293640 -0.00333037
v 0.00113178 0.01293640 -0.00333037
v -0.00000000 0.01298580 -0.01668870
v -0.00000000 0.01298580 -0.01668870
v 0.00056643 0.01297340 -0.00333037
v 0.00056643 0.01297340 -0.00333037
v -0.00056643 0.01297340 -0.01668870
v -0.00056643 0.01297340 -0.01668870
v -0.00000000 0.01298580 -0.00333037
v -0.00000000 0.01298580 -0.00333037
v -0.00113178 0.01293640 -0.01668870
v -0.00113178 0.01293640 -0.01668870
v -0.00056643 0.01297340 -0.00333037
v -0.00056643 0.01297340 -0.00333037
v -0.00169498 0.01287470 -0.01668870
v -0.00169498 0.01287470 -0.01668870
v -0.00113178 0.01293640 -0.00333037
v -0.00113178 0.01293640 -0.00333037
v -0.00225496 0.01278850 -0.01668870
v -0.00225496 0.01278850 -0.01668870
v -0.00169498 0.01287470 -0.00333037
v -0.00169498 0.01287470 -0.00333037
v -0.00281064 0.01267800 -0.01668870
v -0.00281064 0.01267800 -0.01668870
v -0.00225496 0.01278850 -0.00333037
v -0.00225496 0.01278850 -0.00333037
v -0.00336097 0.01254330 -0.01668870
v -0.00336097 0.01254330 -0.01668870
v -0.00281064 0.01267800 -0.00333037
v -0.00281064 0.01267800 -0.00333037
v -0.00390490 0.01238480 -0.01668870
v -0.00390490 0.01238480 -0.01668870
v -0.00336097 0.01254330 -0.00333037
v -0.00336097 0.01254330 -0.00333037
v -0.00444140 0.01220260 -0.01668870
v -0.00444140 0.01220260 -0.01668870
v -0.00390490 0.01238480 -0.00333037
v -0.00390490 0.01238480 -0.00333037
v -0.00496944 0.01199730 -0.01668870
v -0.00496944 0.01199730 -0.01668870
v -0.00444140 0.01220260 -0.00333037
v -0.00444140 0.01220260 -0.00333037
v -0.00548802 0.01176910 -0.01668870
v -0.00548802 0.01176910 -0.01668870
v -0.00496944 0.01199730 -0.00333037
v -0.00496944 0.01199730 -0.00333037
v -0.00599616 0.01151850 -0.01668870
v -0.00599616 0.01151850 -0.01668870
v -0.00548802 0.01176910 -0.00333037
v -0.00548802 0.01176910 -0.00333037
v -0.00649289 0.01124600 -0.01668870
v -0.00649289 0.01124600 -0.01668870
v -0.00599616 0.01151850 -0.00333037
v -0.00599616 0.01151850 -0.00333037
v -0.00697725 0.01095210 -0.01668870
v -0.00697725 0.01095210 -0.01668870
v -0.00649289 0.01124600 -0.00333037
v -0.00649289 0.01124600 -0.00333037
v -0.00744833 0.01063730 -0.01668870
v -0.00744833 0.01063730 -0.01668870
v -0.00697725 0.01095210 -0.00333037
v -0.00697725 0.01095210 -0.00333037
v -0.00790524 0.01030230 -0.01668870
v -0.00790524 0.01030230 -0.01668870
v -0.00744833 0.01063730 -0.00333037
v -0.00744833 0.01063730 -0.00333037
v -0.00834709 0.00994768 -0.01668870
v -0.00834709 0.00994768 -0.01668870
v -0.00790524 0.01030230 -0.00333037
v -0.00790524 0.01030230 -0.00333037
v -0.00877306 0.00957412 -0.01668870
v -0.00877306 0.00957412 -0.01668870
v -0.00834709 0.00994768 -0.00333037
v -0.00834709 0.00994768 -0.00333037
v -0.00918233 0.00918233 -0.01668870
v -0.00918233 0.00918233 -0.01668870
v -0.00877306 0.00957412 -0.00333037
v -0.00877306 0.00957412 -0.00333037
v -0.00957412 0.00877306 -0.01668870
v -0.00957412 0.00877306 -0.01668870
v -0.00918233 0.00918233 -0.00333037
v -0.00918233 0.00918233 -0.00333037
v -0.00994768 0.00834709 -0.01668870
v -0.00994768 0.00834709 -0.01668870
v -0.00957412 0.00877306 -0.00333037
v -0.00957412 0.00877306 -0.00333037
v -0.01030230 0.00790524 -0.01668870
v -0.01030230 0.00790524 -0.01668870
v -0.00994768 0.00834709 -0.00333037
v -0.00994768 0.00834709 -0.00333037
v -0.01063730 0.00744833 -0.01668870
v -0.01063730 0.00744833 -0.01668870
v -0.01030230 0.00790524 -0.00333037
v -0.01030230 0.00790524 -0.00333037
v -0.01095210 0.00697725 -0.01668870
v -0.01095210 0.00697725 -0.01668870
v -0.01063730 0.00744833 -0.00333037
v -0.01063730 0.00744833 -0.00333037
v -0.01124600 0.00649289 -0.01668870
v -0.01124600 0.00649289 -0.01668870
v -0.01095210 0.00697725 -0.00333037
v -0.01095210 0.00697725 -0.00333037
v -0.01151850 0.00599616 -0.01668870
v -0.01151850 0.00599616 -0.01668870
v -0.01124600 0.00649289 -0.00333037
v -0.01124600 0.00649289 -0.00333037
v -0.01176910 0.00548802 -0.01668870
v -0.01176910 0.00548802 -0.01668870
v -0.01151850 0.00599616 -0.00333037
v -0.01151850 0.00599616 -0.00333037
v -0.01199730 0.00496944 -0.01668870
v -0.01199730 0.00496944 -0.01668870
v -0.01176910 0.00548802 -0.00333037
v -0.01176910 0.00548802 -0.00333037
v -0.01220260 0.00444140 -0.01668870
v -0.01220260 0.00444140 -0.01668870
v -0.01199730 0.00496944 -0.00333037
v -0.01199730 0.00496944 -0.00333037
v -0.01238480 0.00390490 -0.01668870
v -0.01238480 0.00390490 -0.01668870
v -0.01220260 0.00444140 -0.00333037
v -0.01220260 0.00444140 -0.00333037
v -0.01254330 0.00336097 -0.01668870
v -0.01254330 0.00336097 -0.01668870
v -0.01238480 0.00390490 -0.00333037
v -0.01238480 0.00390490 -0.00333037
v -0.01267800 0.00281064 -0.01668870
v -0.01267800 0.00281064 -0.01668870
v -0.01254330 0.00336097 -0.00333037
v -0.01254330 0.00336097 -0.00333037
v -0.01278850 0.00225496 -0.01668870
v -0.01278850 0.00225496 -0.01668870
v -0.01267800 0.00281064 -0.00333037
v -0.01267800 0.00281064 -0.00333037
v -0.01287470 0.00169498 -0.01668870
v -0.01287470 0.00169498 -0.01668870
v -0.01278850 0.00225496 -0.00333037
v -0.01278850 0.00225496 -0.00333037
v -0.01293640 0.00113178 -0.01668870
v -0.01293640 0.00113178 -0.01668870
v -0.01287470 0.00169498 -0.00333037
v -0.01287470 0.00169498 -0.00333037
v -0.01297340 0.00056643 -0.01668870
v -0.01297340 0.00056643 -0.01668870
v -0.01293640 0.00113178 -0.00333037
v -0.01293640 0.00113178 -0.00333037
v -0.01297340 0.00056643 -0.00333037
v -0.01297340 0.00056643 -0.00333037
v -0.02885580 0.00909820 -0.00333037
v -0.02885580 0.00909820 -0.00333037
v -0.02922520 0.00783087 -0.00333037
v -0.02922520 0.00783087 -0.00333037
v -0.02953900 0.00654863 -0.00333037
v -0.02953900 0.00654863 -0.00333037
v -0.02683750 0.01397070 -0.00333037
v -0.02683750 0.01397070 -0.00333037
v -0.02742140 0.01278680 -0.00333037
v -0.02742140 0.01278680 -0.00333037
v -0.02843150 0.01034820 -0.00333037
v -0.02843150 0.01034820 -0.00333037
v -0.00909820 0.02885580 -0.00333037
v -0.00909820 0.02885580 -0.00333037
v -0.01034820 0.02843150 -0.00333037
v -0.01034820 0.02843150 -0.00333037
v -0.01397070 0.02683750 -0.00333037
v -0.01397070 0.02683750 -0.00333037
v -0.01512810 0.02620260 -0.00333037
v -0.01512810 0.02620260 -0.00333037
v -0.01735420 0.02478440 -0.00333037
v -0.01735420 0.02478440 -0.00333037
v -0.01841880 0.02400380 -0.00333037
v -0.01841880 0.02400380 -0.00333037
v -0.02620260 0.01512810 -0.00333037
v -0.02620260 0.01512810 -0.00333037
v -0.02795300 0.01157850 -0.00333037
v -0.02795300 0.01157850 -0.00333037
v 0.00263700 0.03014100 -0.00333037
v 0.00263700 0.03014100 -0.00333037
v 0.00131975 0.03022730 -0.00333037
v 0.00131975 0.03022730 -0.00333037
v -0.00000000 0.03025610 -0.00333037
v -0.00000000 0.03025610 -0.00333037
v -0.00131975 0.03022730 -0.00333037
v -0.00131975 0.03022730 -0.00333037
v -0.00263700 0.03014100 -0.00333037
v -0.00263700 0.03014100 -0.00333037
v -0.00394922 0.02999730 -0.00333037
v -0.00394922 0.02999730 -0.00333037
v -0.00525392 0.02979650 -0.00333037
v -0.00525392 0.02979650 -0.00333037
v -0.00654863 0.02953900 -0.00333037
v -0.00654863 0.02953900 -0.00333037
v -0.00783087 0.02922520 -0.00333037
v -0.00783087 0.02922520 -0.00333037
v -0.01157850 0.02795300 -0.00333037
v -0.01157850 0.02795300 -0.00333037
v -0.01278680 0.02742140 -0.00333037
v -0.01278680 0.02742140 -0.00333037
v -0.01625660 0.02551780 -0.00333037
v -0.01625660 0.02551780 -0.00333037
v -0.01944830 0.02317760 -0.00333037
v -0.01944830 0.02317760 -0.00333037
v -0.02317760 0.01944830 -0.00333037
v -0.02317760 0.01944830 -0.00333037
v -0.02400380 0.01841880 -0.00333037
v -0.02400380 0.01841880 -0.00333037
v -0.02478440 0.01735420 -0.00333037
v -0.02478440 0.01735420 -0.00333037
v -0.02551780 0.01625660 -0.00333037
v -0.02551780 0.01625660 -0.00333037
v -0.03025610 -0.00000000 -0.00333037
v -0.03025610 -0.00000000 -0.00333037
v -0.03022730 -0.00131975 -0.00333037
v -0.03022730 -0.00131975 -0.00333037
v -0.03014100 -0.00263700 -0.00333037
v -0.03014100 -0.00263700 -0.00333037
v -0.02999730 -0.00394922 -0.00333037
v -0.02999730 -0.00394922 -0.00333037
v -0.02953900 -0.00654863 -0.00333037
v -0.02953900 -0.00654863 -0.00333037
v -0.02922520 -0.00783087 -0.00333037
v -0.02922520 -0.00783087 -0.00333037
v -0.02843150 -0.01034820 -0.00333037
v -0.02843150 -0.01034820 -0.00333037
v -0.02795300 -0.01157850 -0.00333037
v -0.02795300 -0.01157850 -0.00333037
v -0.02742140 -0.01278680 -0.00333037
v -0.02742140 -0.01278680 -0.00333037
v -0.02683750 -0.01397070 -0.00333037
v -0.02683750 -0.01397070 -0.00333037
v -0.02620260 -0.01512810 -0.00333037
v -0.02620260 -0.01512810 -0.00333037
v -0.01157850 -0.02795300 -0.00333037
v -0.01157850 -0.02795300 -0.00333037
v -0.01034820 -0.02843150 -0.00333037
v -0.01034820 -0.02843150 -0.00333037
v -0.00909820 -0.02885580 -0.00333037
v -0.00909820 -0.02885580 -0.00333037
v -0.02230720 0.02044080 -0.00333037
v -0.02230720 0.02044080 -0.00333037
v -0.02979650 -0.00525392 -0.00333037
v -0.02979650 -0.00525392 -0.00333037
v -0.02885580 -0.00909820 -0.00333037
v -0.02885580 -0.00909820 -0.00333037
v -0.02317760 -0.01944830 -0.00333037
v -0.02317760 -0.01944830 -0.00333037
v -0.02230720 -0.02044080 -0.00333037
v -0.02230720 -0.02044080 -0.00333037
v -0.00783087 -0.02922520 -0.00333037
v -0.00783087 -0.02922520 -0.00333037
v 0.01034820 0.02843150 -0.00333037
v 0.01034820 0.02843150 -0.00333037
v 0.00909820 0.02885580 -0.00333037
v 0.00909820 0.02885580 -0.00333037
v -0.02044080 0.02230720 -0.00333037
v -0.02044080 0.02230720 -0.00333037
v -0.02139430 0.02139430 -0.00333037
v -0.02139430 0.02139430 -0.00333037
v -0.02551780 -0.01625660 -0.00333037
v -0.02551780 -0.01625660 -0.00333037
v -0.02478440 -0.01735420 -0.00333037
v -0.02478440 -0.01735420 -0.00333037
v -0.02400380 -0.01841880 -0.00333037
v -0.02400380 -0.01841880 -0.00333037
v -0.01512810 -0.02620260 -0.00333037
v -0.01512810 -0.02620260 -0.00333037
v -0.01397070 -0.02683750 -0.00333037
v -0.01397070 -0.02683750 -0.00333037
v -0.00654863 -0.02953900 -0.00333037
v -0.00654863 -0.02953900 -0.00333037
v 0.01735420 0.02478440 -0.00333037
v 0.01735420 0.02478440 -0.00333037
v 0.01625660 0.02551780 -0.00333037
v 0.01625660 0.02551780 -0.00333037
v 0.01157850 0.02795300 -0.00333037
v 0.01157850 0.02795300 -0.00333037
v -0.02979650 0.00525392 -0.00333037
v -0.02979650 0.00525392 -0.00333037
v -0.02999730 0.00394922 -0.00333037
v -0.02999730 0.00394922 -0.00333037
v -0.03014100 0.00263700 -0.00333037
v -0.03014100 0.00263700 -0.00333037
v -0.03022730 0.00131975 -0.00333037
v -0.03022730 0.00131975 -0.00333037
v -0.01841880 -0.02400380 -0.00333037
v -0.01841880 -0.02400380 -0.00333037
v -0.01735420 -0.02478440 -0.00333037
v -0.01735420 -0.02478440 -0.00333037
v -0.01278680 -0.02742140 -0.00333037
v -0.01278680 -0.02742140 -0.00333037
v 0.01512810 0.02620260 -0.00333037
v 0.01512810 0.02620260 -0.00333037
v 0.01278680 0.02742140 -0.00333037
v 0.01278680 0.02742140 -0.00333037
v 0.00783087 0.02922520 -0.00333037
v 0.00783087 0.02922520 -0.00333037
v 0.00654863 0.02953900 -0.00333037
v 0.00654863 0.02953900 -0.00333037
v 0.00525392 0.02979650 -0.00333037
v 0.00525392 0.02979650 -0.00333037
v 0.00394922 0.02999730 -0.00333037
v 0.00394922 0.02999730 -0.00333037
v -0.02139430 -0.02139430 -0.00333037
v -0.02139430 -0.02139430 -0.00333037
v -0.02044080 -0.02230720 -0.00333037
v -0.02044080 -0.02230720 -0.00333037
v -0.01625660 -0.02551780 -0.00333037
v -0.01625660 -0.02551780 -0.00333037
v 0.02044080 0.02230720 -0.00333037
v 0.02044080 0.02230720 -0.00333037
v 0.01944830 0.02317760 -0.00333037
v 0.01944830 0.02317760 -0.00333037
v 0.01397070 0.02683750 -0.00333037
v 0.01397070 0.02683750 -0.00333037
v -0.01944830 -0.02317760 -0.00333037
v -0.01944830 -0.02317760 -0.00333037
v 0.00131975 -0.03022730 -0.00333037
v 0.00131975 -0.03022730 -0.00333037
v 0.00263700 -0.03014100 -0.00333037
v 0.00263700 -0.03014100 -0.00333037
v 0.01157850 -0.02795300 -0.00333037
v 0.01157850 -0.02795300 -0.00333037
v 0.01278680 -0.02742140 -0.00333037
v 0.01278680 -0.02742140 -0.00333037
v 0.02317760 0.01944830 -0.00333037
v 0.02317760 0.01944830 -0.00333037
v 0.02230720 0.02044080 -0.00333037
v 0.02230720 0.02044080 -0.00333037
v 0.01841880 0.02400380 -0.00333037
v 0.01841880 0.02400380 -0.00333037
v 0.00000000 -0.03025610 -0.00333037
v 0.00000000 -0.03025610 -0.00333037
v 0.00525392 -0.02979650 -0.00333037
v 0.00525392 -0.02979650 -0.00333037
v 0.00654863 -0.02953900 -0.00333037
v 0.00654863 -0.02953900 -0.00333037
v 0.01397070 -0.02683750 -0.00333037
v 0.01397070 -0.02683750 -0.00333037
v 0.01735420 -0.02478440 -0.00333037
v 0.01735420 -0.02478440 -0.00333037
v 0.01841880 -0.02400380 -0.00333037
v 0.01841880 -0.02400380 -0.00333037
v 0.02683750 0.01397070 -0.00333037
v 0.02683750 0.01397070 -0.00333037
v 0.02620260 0.01512810 -0.00333037
v 0.02620260 0.01512810 -0.00333037
v 0.02551780 0.01625660 -0.00333037
v 0.02551780 0.01625660 -0.00333037
v 0.02478440 0.01735420 -0.00333037
v 0.02478440 0.01735420 -0.00333037
v 0.02139430 0.02139430 -0.00333037
v 0.02139430 0.02139430 -0.00333037
v 0.00394922 -0.02999730 -0.00333037
v 0.00394922 -0.02999730 -0.00333037
v 0.00783087 -0.02922520 -0.00333037
v 0.00783087 -0.02922520 -0.00333037
v 0.01512810 -0.02620260 -0.00333037
v 0.01512810 -0.02620260 -0.00333037
v 0.01944830 -0.02317760 -0.00333037
v 0.01944830 -0.02317760 -0.00333037
v 0.02400380 0.01841880 -0.00333037
v 0.02400380 0.01841880 -0.00333037
v -0.00525392 -0.02979650 -0.00333037
v -0.00525392 -0.02979650 -0.00333037
v -0.00394922 -0.02999730 -0.00333037
v -0.00394922 -0.02999730 -0.00333037
v 0.00909820 -0.02885580 -0.00333037
v 0.00909820 -0.02885580 -0.00333037
v 0.01034820 -0.02843150 -0.00333037
v 0.01034820 -0.02843150 -0.00333037
v 0.01625660 -0.02551780 -0.00333037
v 0.01625660 -0.02551780 -0.00333037
v 0.02044080 -0.02230720 -0.00333037
v 0.02044080 -0.02230720 -0.00333037
v 0.02742140 -0.01278680 -0.00333037
v 0.02742140 -0.01278680 -0.00333037
v 0.02795300 -0.01157850 -0.00333037
v 0.02795300 -0.01157850 -0.00333037
v -0.00263700 -0.03014100 -0.00333037
v -0.00263700 -0.03014100 -0.00333037
v -0.00131975 -0.03022730 -0.00333037
v -0.00131975 -0.03022730 -0.00333037
v 0.02139430 -0.02139430 -0.00333037
v 0.02139430 -0.02139430 -0.00333037
v 0.02230720 -0.02044080 -0.00333037
v 0.02230720 -0.02044080 -0.00333037
v 0.02317760 -0.01944830 -0.00333037
v 0.02317760 -0.01944830 -0.00333037
v 0.02400380 -0.01841880 -0.00333037
v 0.02400380 -0.01841880 -0.00333037
v 0.02843150 -0.01034820 -0.00333037
v 0.02843150 -0.01034820 -0.00333037
v 0.02885580 -0.00909820 -0.00333037
v 0.02885580 -0.00909820 -0.00333037
v 0.02922520 -0.00783087 -0.00333037
v 0.02922520 -0.00783087 -0.00333037
v 0.02478440 -0.01735420 -0.00333037
v 0.02478440 -0.01735420 -0.00333037
v 0.02683750 -0.01397070 -0.00333037
v 0.02683750 -0.01397070 -0.00333037
v 0.02953900 -0.00654863 -0.00333037
v 0.02953900 -0.00654863 -0.00333037
v 0.02885580 0.00909820 -0.00333037
v 0.02885580 0.00909820 -0.00333037
v 0.02843150 0.01034820 -0.00333037
v 0.02843150 0.01034820 -0.00333037
v 0.02795300 0.01157850 -0.00333037
v 0.02795300 0.01157850 -0.00333037
v 0.02742140 0.01278680 -0.00333037
v 0.02742140 0.01278680 -0.00333037
v 0.02551780 -0.01625660 -0.00333037
v 0.02551780 -0.01625660 -0.00333037
v 0.02620260 -0.01512810 -0.00333037
v 0.02620260 -0.01512810 -0.00333037
v 0.02979650 -0.00525392 -0.00333037
v 0.02979650 -0.00525392 -0.00333037
v 0.02999730 -0.00394922 -0.00333037
v 0.02999730 -0.00394922 -0.00333037
v 0.03014100 -0.00263700 -0.00333037
v 0.03014100 -0.00263700 -0.00333037
v 0.03022730 -0.00131975 -0.00333037
v 0.03022730 -0.00131975 -0.00333037
v 0.02999730 0.00394922 -0.00333037
v 0.02999730 0.00394922 -0.00333037
v 0.02979650 0.00525392 -0.00333037
v 0.02979650 0.00525392 -0.00333037
v 0.02953900 0.00654863 -0.00333037
v 0.02953900 0.00654863 -0.00333037
v 0.02922520 0.00783087 -0.00333037
v 0.02922520 0.00783087 -0.00333037
v 0.03025610 0.00000000 -0.00333037
v 0.03025610 0.00000000 -0.00333037
v 0.03014100 0.00263700 -0.00333037
v 0.03014100 0.00263700 -0.00333037
v 0.03022730 0.00131975 -0.00333037
v 0.03022730 0.00131975 -0.00333037
v -0.03025610 0.00000000 -0.02095190
v -0.03025610 0.00000000 -0.02095190
v -0.03022730 0.00131975 -0.02095190
v -0.03022730 0.00131975 -0.02095190
v -0.03014100 0.00263700 -0.02095190
v -0.03014100 0.00263700 -0.02095190
v -0.02999730 0.00394922 -0.02095190
v -0.02999730 0.00394922 -0.02095190
v -0.02979650 0.00525392 -0.02095190
v -0.02979650 0.00525392 -0.02095190
v -0.02953900 0.00654863 -0.02095190
v -0.02953900 0.00654863 -0.02095190
v -0.02922520 0.00783087 -0.02095190
v -0.02922520 0.00783087 -0.02095190
v -0.02885580 0.00909820 -0.02095190
v -0.02885580 0.00909820 -0.02095190
v -0.02843150 0.01034820 -0.02095190
v -0.02843150 0.01034820 -0.02095190
v -0.02795300 0.01157850 -0.02095190
v -0.02795300 0.01157850 -0.02095190
v -0.02742140 0.01278680 -0.02095190
v -0.02742140 0.01278680 -0.02095190
v -0.02683750 0.01397070 -0.02095190
v -0.02683750 0.01397070 -0.02095190
v -0.02620260 0.01512810 -0.02095190
v -0.02620260 0.01512810 -0.02095190
v -0.02551780 0.01625660 -0.02095190
v -0.02551780 0.01625660 -0.02095190
v -0.02478440 0.01735420 -0.02095190
v -0.02478440 0.01735420 -0.02095190
v -0.02400380 0.01841880 -0.02095190
v -0.02400380 0.01841880 -0.02095190
v -0.02317760 0.01944830 -0.02095190
v -0.02317760 0.01944830 -0.02095190
v -0.02230720 0.02044080 -0.02095190
v -0.02230720 0.02044080 -0.02095190
v -0.02139430 0.02139430 -0.02095190
v -0.02139430 0.02139430 -0.02095190
v -0.02044080 0.02230720 -0.02095190
v -0.02044080 0.02230720 -0.02095190
v -0.01944830 0.02317760 -0.02095190
v -0.01944830 0.02317760 -0.02095190
v -0.01841880 0.02400380 -0.02095190
v -0.01841880 0.02400380 -0.02095190
v -0.01735420 0.02478440 -0.02095190
v -0.01735420 0.02478440 -0.02095190
v -0.01625660 0.02551780 -0.02095190
v -0.01625660 0.02551780 -0.02095190
v -0.01512810 0.02620260 -0.02095190
v -0.01512810 0.02620260 -0.02095190
v -0.01397070 0.02683750 -0.02095190
v -0.01397070 0.02683750 -0.02095190
v -0.01278680 0.02742140 -0.02095190
v -0.01278680 0.02742140 -0.02095190
v -0.01157850 0.02795300 -0.02095190
v -0.01157850 0.02795300 -0.02095190
v -0.01034820 0.02843150 -0.02095190
v -0.01034820 0.02843150 -0.02095190
v -0.00909820 0.02885580 -0.02095190
v -0.00909820 0.02885580 -0.02095190
v -0.00783087 0.02922520 -0.02095190
v -0.00783087 0.02922520 -0.02095190
v -0.00654863 0.02953900 -0.02095190
v -0.00654863 0.02953900 -0.02095190
v -0.00525392 0.02979650 -0.02095190
v -0.00525392 0.02979650 -0.02095190
v -0.00394922 0.02999730 -0.02095190
v -0.00394922 0.02999730 -0.02095190
v -0.00263700 0.03014100 -0.02095190
v -0.00263700 0.03014100 -0.02095190
v -0.00131975 0.03022730 -0.02095190
v -0.00131975 0.03022730 -0.02095190
v -0.00000000 0.03025610 -0.02095190
v -0.00000000 0.03025610 -0.02095190
v 0.00131975 0.03022730 -0.02095190
v 0.00131975 0.03022730 -0.02095190
v 0.00263700 0.03014100 -0.02095190
v 0.00263700 0.03014100 -0.02095190
v 0.00394922 0.02999730 -0.02095190
v 0.00394922 0.02999730 -0.02095190
v 0.00525392 0.02979650 -0.02095190
v 0.00525392 0.02979650 -0.02095190
v 0.00654863 0.02953900 -0.02095190
v 0.00654863 0.02953900 -0.02095190
v 0.00783087 0.02922520 -0.02095190
v 0.00783087 0.02922520 -0.02095190
v 0.00909820 0.02885580 -0.02095190
v 0.00909820 0.02885580 -0.02095190
v 0.01034820 0.02843150 -0.02095190
v 0.01034820 0.02843150 -0.02095190
v 0.01157850 0.02795300 -0.02095190
v 0.01157850 0.02795300 -0.02095190
v 0.01278680 0.02742140 -0.02095190
v 0.01278680 0.02742140 -0.02095190
v 0.01397070 0.02683750 -0.02095190
v 0.01397070 0.02683750 -0.02095190
v 0.01512810 0.02620260 -0.02095190
v 0.01512810 0.02620260 -0.02095190
v 0.01625660 0.02551780 -0.02095190
v 0.01625660 0.02551780 -0.02095190
v 0.01735420 0.02478440 -0.02095190
v 0.01735420 0.02478440 -0.02095190
v 0.01841880 0.02400380 -0.02095190
v 0.01841880 0.02400380 -0.02095190
v 0.01944830 0.02317760 -0.02095190
v 0.01944830 0.02317760 -0.02095190
v 0.02044080 0.02230720 -0.02095190
v 0.02044080 0.02230720 -0.02095190
v 0.02139430 0.02139430 -0.02095190
v 0.02139430 0.02139430 -0.02095190
v 0.02230720 0.02044080 -0.02095190
v 0.02230720 0.02044080 -0.02095190
v 0.02317760 0.01944830 -0.02095190
v 0.02317760 0.01944830 -0.02095190
v 0.02400380 0.01841880 -0.02095190
v 0.02400380 0.01841880 -0.02095190
v 0.02478440 0.01735420 -0.02095190
v 0.02478440 0.01735420 -0.02095190
v 0.02551780 0.01625660 -0.02095190
v 0.02551780 0.01625660 -0.02095190
v 0.02620260 0.01512810 -0.02095190
v 0.02620260 0.01512810 -0.02095190
v 0.02683750 0.01397070 -0.02095190
v 0.02683750 0.01397070 -0.02095190
v 0.02742140 0.01278680 -0.02095190
v 0.02742140 0.01278680 -0.02095190
v 0.02795300 0.01157850 -0.02095190
v 0.02795300 0.01157850 -0.02095190
v 0.02843150 0.01034820 -0.02095190
v 0.02843150 0.01034820 -0.02095190
v 0.02885580 0.00909820 -0.02095190
v 0.02885580 0.00909820 -0.02095190
v 0.02922520 0.00783087 -0.02095190
v 0.02922520 0.00783087 -0.02095190
v 0.02953900 0.00654863 -0.02095190
v 0.02953900 0.00654863 -0.02095190
v 0.02979650 0.00525392 -0.02095190
v 0.02979650 0.00525392 -0.02095190
v 0.02999730 0.00394922 -0.02095190
v 0.02999730 0.00394922 -0.02095190
v 0.03014100 0.00263700 -0.02095190
v 0.03014100 0.00263700 -0.02095190
v 0.03022730 0.00131975 -0.02095190
v 0.03022730 0.00131975 -0.02095190
v 0.03025610 0.00000000 -0.02095190
v 0.03025610 0.00000000 -0.02095190
v 0.03022730 -0.00131975 -0.02095190
v 0.03022730 -0.00131975 -0.02095190
v 0.03014100 -0.00263700 -0.02095190
v 0.03014100 -0.00263700 -0.02095190
v 0.02999730 -0.00394922 -0.02095190
v 0.02999730 -0.00394922 -0.02095190
v 0.02979650 -0.00525392 -0.02095190
v 0.02979650 -0.00525392 -0.02095190
v 0.02953900 -0.00654863 -0.02095190
v 0.02953900 -0.00654863 -0.02095190
v 0.02922520 -0.00783087 -0.02095190
v 0.02922520 -0.00783087 -0.02095190
v 0.02885580 -0.00909820 -0.02095190
v 0.02885580 -0.00909820 -0.02095190
v 0.02843150 -0.01034820 -0.02095190
v 0.02843150 -0.01034820 -0.02095190
v 0.02795300 -0.01157850 -0.02095190
v 0.02795300 -0.01157850 -0.02095190
v 0.02742140 -0.01278680 -0.02095190
v 0.02742140 -0.01278680 -0.02095190
v 0.02683750 -0.01397070 -0.02095190
v 0.02683750 -0.01397070 -0.02095190
v 0.02620260 -0.01512810 -0.02095190
v 0.02620260 -0.01512810 -0.02095190
v 0.02551780 -0.01625660 -0.02095190
v 0.02551780 -0.01625660 -0.02095190
v 0.02478440 -0.01735420 -0.02095190
v 0.02478440 -0.01735420 -0.02095190
v 0.02400380 -0.01841880 -0.02095190
v 0.02400380 -0.01841880 -0.02095190
v 0.02317760 -0.01944830 -0.02095190
v 0.02317760 -0.01944830 -0.02095190
v 0.02230720 -0.02044080 -0.02095190
v 0.02230720 -0.02044080 -0.02095190
v 0.02139430 -0.02139430 -0.02095190
v 0.02139430 -0.02139430 -0.02095190
v 0.02044080 -0.02230720 -0.02095190
v 0.02044080 -0.02230720 -0.02095190
v 0.01944830 -0.02317760 -0.02095190
v 0.01944830 -0.02317760 -0.02095190
v 0.01841880 -0.02400380 -0.02095190
v 0.01841880 -0.02400380 -0.02095190
v 0.01735420 -0.02478440 -0.02095190
v 0.01735420 -0.02478440 -0.02095190
v 0.01625660 -0.02551780 -0.02095190
v 0.01625660 -0.02551780 -0.02095190
v 0.01512810 -0.02620260 -0.02095190
v 0.01512810 -0.02620260 -0.02095190
v 0.01397070 -0.02683750 -0.02095190
v 0.01397070 -0.02683750 -0.02095190
v 0.01278680 -0.02742140 -0.02095190
v 0.01278680 -0.02742140 -0.02095190
v 0.01157850 -0.02795300 -0.02095190
v 0.01157850 -0.02795300 -0.02095190
v 0.01034820 -0.02843150 -0.02095190
v 0.01034820 -0.02843150 -0.02095190
v 0.00909820 -0.02885580 -0.02095190
v 0.00909820 -0.02885580 -0.02095190
v 0.00783087 -0.02922520 -0.02095190
v 0.00783087 -0.02922520 -0.02095190
v 0.00654863 -0.02953900 -0.02095190
v 0.00654863 -0.02953900 -0.02095190
v 0.00525392 -0.02979650 -0.02095190
v 0.00525392 -0.02979650 -0.02095190
v 0.00394922 -0.02999730 -0.02095190
v 0.00394922 -0.02999730 -0.02095190
v 0.00263700 -0.03014100 -0.02095190
v 0.00263700 -0.03014100 -0.02095190
v 0.00131975 -0.03022730 -0.02095190
v 0.00131975 -0.03022730 -0.02095190
v 0.00000000 -0.03025610 -0.02095190
v 0.00000000 -0.03025610 -0.02095190
v -0.00131975 -0.03022730 -0.02095190
v -0.00131975 -0.03022730 -0.02095190
v -0.00263700 -0.03014100 -0.02095190
v -0.00263700 -0.03014100 -0.02095190
v -0.00394922 -0.02999730 -0.02095190
v -0.00394922 -0.02999730 -0.02095190
v -0.00525392 -0.02979650 -0.02095190
v -0.00525392 -0.02979650 -0.02095190
v -0.00654863 -0.02953900 -0.02095190
v -0.00654863 -0.02953900 -0.02095190
v -0.00783087 -0.02922520 -0.02095190
v -0.00783087 -0.02922520 -0.02095190
v -0.00909820 -0.02885580 -0.02095190
v -0.00909820 -0.02885580 -0.02095190
v -0.01034820 -0.02843150 -0.02095190
v -0.01034820 -0.02843150 -0.02095190
v -0.01157850 -0.02795300 -0.02095190
v -0.01157850 -0.02795300 -0.02095190
v -0.01278680 -0.02742140 -0.02095190
v -0.01278680 -0.02742140 -0.02095190
v -0.01397070 -0.02683750 -0.02095190
v -0.01397070 -0.02683750 -0.02095190
v -0.01512810 -0.02620260 -0.02095190
v -0.01512810 -0.02620260 -0.02095190
v -0.01625660 -0.02551780 -0.02095190
v -0.01625660 -0.02551780 -0.02095190
v -0.01735420 -0.02478440 -0.02095190
v -0.01735420 -0.02478440 -0.02095190
v -0.01841880 -0.02400380 -0.02095190
v -0.01841880 -0.02400380 -0.02095190
v -0.01944830 -0.02317760 -0.02095190
v -0.01944830 -0.02317760 -0.02095190
v -0.02044080 -0.02230720 -0.02095190
v -0.02044080 -0.02230720 -0.02095190
v -0.02139430 -0.02139430 -0.02095190
v -0.02139430 -0.02139430 -0.02095190
v -0.02230720 -0.02044080 -0.02095190
v -0.02230720 -0.02044080 -0.02095190
v -0.02317760 -0.01944830 -0.02095190
v -0.02317760 -0.01944830 -0.02095190
v -0.02400380 -0.01841880 -0.02095190
v -0.02400380 -0.01841880 -0.02095190
v -0.02478440 -0.01735420 -0.02095190
v -0.02478440 -0.01735420 -0.02095190
v -0.02551780 -0.01625660 -0.02095190
v -0.02551780 -0.01625660 -0.02095190
v -0.02620260 -0.01512810 -0.02095190
v -0.02620260 -0.01512810 -0.02095190
v -0.02683750 -0.01397070 -0.02095190
v -0.02683750 -0.01397070 -0.02095190
v -0.02742140 -0.01278680 -0.02095190
v -0.02742140 -0.01278680 -0.02095190
v -0.02795300 -0.01157850 -0.02095190
v -0.02795300 -0.01157850 -0.02095190
v -0.02843150 -0.01034820 -0.02095190
v -0.02843150 -0.01034820 -0.02095190
v -0.02885580 -0.00909820 -0.02095190
v -0.02885580 -0.00909820 -0.02095190
v -0.02922520 -0.00783087 -0.02095190
v -0.02922520 -0.00783087 -0.02095190
v -0.02953900 -0.00654863 -0.02095190
v -0.02953900 -0.00654863 -0.02095190
v -0.02979650 -0.00525392 -0.02095190
v -0.02979650 -0.00525392 -0.02095190
v -0.02999730 -0.00394922 -0.02095190
v -0.02999730 -0.00394922 -0.02095190
v -0.03014100 -0.00263700 -0.02095190
v -0.03014100 -0.00263700 -0.02095190
v -0.03022730 -0.00131975 -0.02095190
v -0.03022730 -0.00131975 -0.02095190
v 0.01440450 -0.01319930 -0.02095190
v 0.01440450 -0.01319930 -0.02095190
v 0.01381510 -0.01381510 -0.02095190
v 0.01381510 -0.01381510 -0.02095190
v 0.01319930 -0.01440450 -0.02095190
v 0.01319930 -0.01440450 -0.02095190
v 0.01255840 -0.01496660 -0.02095190
v 0.01255840 -0.01496660 -0.02095190
v -0.01863320 0.00587503 -0.02095190
v -0.01863320 0.00587503 -0.02095190
v -0.01887180 0.00505667 -0.02095190
v -0.01887180 0.00505667 -0.02095190
v -0.01835920 0.00668221 -0.02095190
v -0.01835920 0.00668221 -0.02095190
v -0.01805030 0.00747667 -0.02095190
v -0.01805030 0.00747667 -0.02095190
v -0.01770700 0.00825690 -0.02095190
v -0.01770700 0.00825690 -0.02095190
v 0.01120620 -0.01600420 -0.02095190
v 0.01120620 -0.01600420 -0.02095190
v 0.01049750 -0.01647770 -0.02095190
v 0.01049750 -0.01647770 -0.02095190
v -0.00170280 0.01946310 -0.02095190
v -0.00170280 0.01946310 -0.02095190
v -0.00085221 0.01951890 -0.02095190
v -0.00085221 0.01951890 -0.02095190
v 0.01189370 -0.01550010 -0.02095190
v 0.01189370 -0.01550010 -0.02095190
v 0.00976874 -0.01692000 -0.02095190
v 0.00976874 -0.01692000 -0.02095190
v 0.00170280 -0.01946310 -0.02095190
v 0.00170280 -0.01946310 -0.02095190
v 0.00085221 -0.01951890 -0.02095190
v 0.00085221 -0.01951890 -0.02095190
v -0.01907440 0.00422868 -0.02095190
v -0.01907440 0.00422868 -0.02095190
v -0.01733000 0.00902140 -0.02095190
v -0.01733000 0.00902140 -0.02095190
v -0.01692000 0.00976874 -0.02095190
v -0.01692000 0.00976874 -0.02095190
v -0.01647770 0.01049750 -0.02095190
v -0.01647770 0.01049750 -0.02095190
v -0.01600420 0.01120620 -0.02095190
v -0.01600420 0.01120620 -0.02095190
v -0.01550010 0.01189370 -0.02095190
v -0.01550010 0.01189370 -0.02095190
v -0.01496660 0.01255840 -0.02095190
v -0.01496660 0.01255840 -0.02095190
v -0.00000000 0.01953750 -0.02095190
v -0.00000000 0.01953750 -0.02095190
v 0.01550010 -0.01189370 -0.02095190
v 0.01550010 -0.01189370 -0.02095190
v 0.01496660 -0.01255840 -0.02095190
v 0.01496660 -0.01255840 -0.02095190
v 0.00587503 -0.01863320 -0.02095190
v 0.00587503 -0.01863320 -0.02095190
v 0.00505667 -0.01887180 -0.02095190
v 0.00505667 -0.01887180 -0.02095190
v 0.00000000 -0.01953750 -0.02095190
v 0.00000000 -0.01953750 -0.02095190
v -0.01381510 -0.01381510 -0.02095190
v -0.01381510 -0.01381510 -0.02095190
v -0.01440450 -0.01319930 -0.02095190
v -0.01440450 -0.01319930 -0.02095190
v -0.01381510 0.01381510 -0.02095190
v -0.01381510 0.01381510 -0.02095190
v -0.01440450 0.01319930 -0.02095190
v -0.01440450 0.01319930 -0.02095190
v -0.01319930 0.01440450 -0.02095190
v -0.01319930 0.01440450 -0.02095190
v 0.00085221 0.01951890 -0.02095190
v 0.00085221 0.01951890 -0.02095190
v 0.00422868 0.01907440 -0.02095190
v 0.00422868 0.01907440 -0.02095190
v 0.00505667 0.01887180 -0.02095190
v 0.00505667 0.01887180 -0.02095190
v 0.00902140 -0.01733000 -0.02095190
v 0.00902140 -0.01733000 -0.02095190
v 0.00825690 -0.01770700 -0.02095190
v 0.00825690 -0.01770700 -0.02095190
v 0.00747667 -0.01805030 -0.02095190
v 0.00747667 -0.01805030 -0.02095190
v 0.00668221 -0.01835920 -0.02095190
v 0.00668221 -0.01835920 -0.02095190
v 0.00422868 -0.01907440 -0.02095190
v 0.00422868 -0.01907440 -0.02095190
v 0.00339265 -0.01924070 -0.02095190
v 0.00339265 -0.01924070 -0.02095190
v 0.00255015 -0.01937030 -0.02095190
v 0.00255015 -0.01937030 -0.02095190
v -0.00085221 -0.01951890 -0.02095190
v -0.00085221 -0.01951890 -0.02095190
v -0.00170280 -0.01946310 -0.02095190
v -0.00170280 -0.01946310 -0.02095190
v -0.00255015 -0.01937030 -0.02095190
v -0.00255015 -0.01937030 -0.02095190
v -0.00339265 -0.01924070 -0.02095190
v -0.00339265 -0.01924070 -0.02095190
v -0.00422868 -0.01907440 -0.02095190
v -0.00422868 -0.01907440 -0.02095190
v -0.01496660 -0.01255840 -0.02095190
v -0.01496660 -0.01255840 -0.02095190
v -0.01550010 -0.01189370 -0.02095190
v -0.01550010 -0.01189370 -0.02095190
v -0.01600420 -0.01120620 -0.02095190
v -0.01600420 -0.01120620 -0.02095190
v -0.01255840 0.01496660 -0.02095190
v -0.01255840 0.01496660 -0.02095190
v -0.01189370 0.01550010 -0.02095190
v -0.01189370 0.01550010 -0.02095190
v -0.00902140 0.01733000 -0.02095190
v -0.00902140 0.01733000 -0.02095190
v -0.00976874 0.01692000 -0.02095190
v -0.00976874 0.01692000 -0.02095190
v -0.00825690 0.01770700 -0.02095190
v -0.00825690 0.01770700 -0.02095190
v -0.00255015 0.01937030 -0.02095190
v -0.00255015 0.01937030 -0.02095190
v 0.00170280 0.01946310 -0.02095190
v 0.00170280 0.01946310 -0.02095190
v 0.00255015 0.01937030 -0.02095190
v 0.00255015 0.01937030 -0.02095190
v 0.00339265 0.01924070 -0.02095190
v 0.00339265 0.01924070 -0.02095190
v -0.00747667 -0.01805030 -0.02095190
v -0.00747667 -0.01805030 -0.02095190
v -0.00825690 -0.01770700 -0.02095190
v -0.00825690 -0.01770700 -0.02095190
v -0.00902140 -0.01733000 -0.02095190
v -0.00902140 -0.01733000 -0.02095190
v -0.00976874 -0.01692000 -0.02095190
v -0.00976874 -0.01692000 -0.02095190
v -0.01189370 -0.01550010 -0.02095190
v -0.01189370 -0.01550010 -0.02095190
v -0.01255840 -0.01496660 -0.02095190
v -0.01255840 -0.01496660 -0.02095190
v -0.01647770 -0.01049750 -0.02095190
v -0.01647770 -0.01049750 -0.02095190
v -0.01692000 -0.00976874 -0.02095190
v -0.01692000 -0.00976874 -0.02095190
v -0.01863320 -0.00587503 -0.02095190
v -0.01863320 -0.00587503 -0.02095190
v -0.01887180 -0.00505667 -0.02095190
v -0.01887180 -0.00505667 -0.02095190
v -0.01924070 0.00339265 -0.02095190
v -0.01924070 0.00339265 -0.02095190
v -0.01937030 0.00255015 -0.02095190
v -0.01937030 0.00255015 -0.02095190
v -0.01120620 0.01600420 -0.02095190
v -0.01120620 0.01600420 -0.02095190
v -0.01049750 0.01647770 -0.02095190
v -0.01049750 0.01647770 -0.02095190
v -0.00747667 0.01805030 -0.02095190
v -0.00747667 0.01805030 -0.02095190
v -0.00422868 0.01907440 -0.02095190
v -0.00422868 0.01907440 -0.02095190
v -0.00505667 0.01887180 -0.02095190
v -0.00505667 0.01887180 -0.02095190
v -0.00339265 0.01924070 -0.02095190
v -0.00339265 0.01924070 -0.02095190
v 0.00587503 0.01863320 -0.02095190
v 0.00587503 0.01863320 -0.02095190
v 0.00668221 0.01835920 -0.02095190
v 0.00668221 0.01835920 -0.02095190
v 0.00747667 0.01805030 -0.02095190
v 0.00747667 0.01805030 -0.02095190
v 0.00825690 0.01770700 -0.02095190
v 0.00825690 0.01770700 -0.02095190
v 0.00902140 0.01733000 -0.02095190
v 0.00902140 0.01733000 -0.02095190
v 0.01937030 0.00255015 -0.02095190
v 0.01937030 0.00255015 -0.02095190
v 0.01946310 0.00170280 -0.02095190
v 0.01946310 0.00170280 -0.02095190
v -0.00587503 -0.01863320 -0.02095190
v -0.00587503 -0.01863320 -0.02095190
v -0.00668221 -0.01835920 -0.02095190
v -0.00668221 -0.01835920 -0.02095190
v -0.01049750 -0.01647770 -0.02095190
v -0.01049750 -0.01647770 -0.02095190
v -0.01120620 -0.01600420 -0.02095190
v -0.01120620 -0.01600420 -0.02095190
v -0.01319930 -0.01440450 -0.02095190
v -0.01319930 -0.01440450 -0.02095190
v -0.01907440 -0.00422868 -0.02095190
v -0.01907440 -0.00422868 -0.02095190
v -0.01951890 0.00085221 -0.02095190
v -0.01951890 0.00085221 -0.02095190
v -0.01946310 0.00170280 -0.02095190
v -0.01946310 0.00170280 -0.02095190
v -0.00668221 0.01835920 -0.02095190
v -0.00668221 0.01835920 -0.02095190
v -0.00587503 0.01863320 -0.02095190
v -0.00587503 0.01863320 -0.02095190
v 0.00976874 0.01692000 -0.02095190
v 0.00976874 0.01692000 -0.02095190
v 0.01381510 0.01381510 -0.02095190
v 0.01381510 0.01381510 -0.02095190
v 0.01440450 0.01319930 -0.02095190
v 0.01440450 0.01319930 -0.02095190
v 0.01496660 0.01255840 -0.02095190
v 0.01496660 0.01255840 -0.02095190
v 0.01550010 0.01189370 -0.02095190
v 0.01550010 0.01189370 -0.02095190
v 0.01733000 0.00902140 -0.02095190
v 0.01733000 0.00902140 -0.02095190
v 0.01770700 0.00825690 -0.02095190
v 0.01770700 0.00825690 -0.02095190
v 0.01805030 0.00747667 -0.02095190
v 0.01805030 0.00747667 -0.02095190
v 0.01835920 0.00668221 -0.02095190
v 0.01835920 0.00668221 -0.02095190
v 0.01951890 0.00085221 -0.02095190
v 0.01951890 0.00085221 -0.02095190
v 0.01647770 -0.01049750 -0.02095190
v 0.01647770 -0.01049750 -0.02095190
v 0.01600420 -0.01120620 -0.02095190
v 0.01600420 -0.01120620 -0.02095190
v -0.00505667 -0.01887180 -0.02095190
v -0.00505667 -0.01887180 -0.02095190
v -0.01805030 -0.00747667 -0.02095190
v -0.01805030 -0.00747667 -0.02095190
v -0.01835920 -0.00668221 -0.02095190
v -0.01835920 -0.00668221 -0.02095190
v -0.01924070 -0.00339265 -0.02095190
v -0.01924070 -0.00339265 -0.02095190
v 0.01049750 0.01647770 -0.02095190
v 0.01049750 0.01647770 -0.02095190
v 0.01255840 0.01496660 -0.02095190
v 0.01255840 0.01496660 -0.02095190
v 0.01319930 0.01440450 -0.02095190
v 0.01319930 0.01440450 -0.02095190
v 0.01600420 0.01120620 -0.02095190
v 0.01600420 0.01120620 -0.02095190
v 0.01647770 0.01049750 -0.02095190
v 0.01647770 0.01049750 -0.02095190
v 0.01692000 0.00976874 -0.02095190
v 0.01692000 0.00976874 -0.02095190
v 0.01863320 0.00587503 -0.02095190
v 0.01863320 0.00587503 -0.02095190
v 0.01907440 0.00422868 -0.02095190
v 0.01907440 0.00422868 -0.02095190
v 0.01924070 0.00339265 -0.02095190
v 0.01924070 0.00339265 -0.02095190
v 0.01953750 0.00000000 -0.02095190
v 0.01953750 0.00000000 -0.02095190
v 0.01951890 -0.00085221 -0.02095190
v 0.01951890 -0.00085221 -0.02095190
v 0.01946310 -0.00170280 -0.02095190
v 0.01946310 -0.00170280 -0.02095190
v 0.01907440 -0.00422868 -0.02095190
v 0.01907440 -0.00422868 -0.02095190
v 0.01887180 -0.00505667 -0.02095190
v 0.01887180 -0.00505667 -0.02095190
v 0.01863320 -0.00587503 -0.02095190
v 0.01863320 -0.00587503 -0.02095190
v 0.01835920 -0.00668221 -0.02095190
v 0.01835920 -0.00668221 -0.02095190
v 0.01692000 -0.00976874 -0.02095190
v 0.01692000 -0.00976874 -0.02095190
v -0.01937030 -0.00255015 -0.02095190
v -0.01937030 -0.00255015 -0.02095190
v -0.01946310 -0.00170280 -0.02095190
v -0.01946310 -0.00170280 -0.02095190
v 0.01120620 0.01600420 -0.02095190
v 0.01120620 0.01600420 -0.02095190
v 0.01189370 0.01550010 -0.02095190
v 0.01189370 0.01550010 -0.02095190
v 0.01887180 0.00505667 -0.02095190
v 0.01887180 0.00505667 -0.02095190
v 0.01937030 -0.00255015 -0.02095190
v 0.01937030 -0.00255015 -0.02095190
v 0.01924070 -0.00339265 -0.02095190
v 0.01924070 -0.00339265 -0.02095190
v 0.01805030 -0.00747667 -0.02095190
v 0.01805030 -0.00747667 -0.02095190
v 0.01770700 -0.00825690 -0.02095190
v 0.01770700 -0.00825690 -0.02095190
v 0.01733000 -0.00902140 -0.02095190
v 0.01733000 -0.00902140 -0.02095190
v -0.01733000 -0.00902140 -0.02095190
v -0.01733000 -0.00902140 -0.02095190
v -0.01770700 -0.00825690 -0.02095190
v -0.01770700 -0.00825690 -0.02095190
v -0.01951890 -0.00085221 -0.02095190
v -0.01951890 -0.00085221 -0.02095190
v -0.01953750 -0.00000000 -0.02095190
v -0.01953750 -0.00000000 -0.02095190
vn 0.99904800 0.04361940 0.00000000
vn 0.54489000 0.02379040 -0.83817000
vn 0.54540900 0.00000000 -0.83817000
vn 1.00000000 0.00000000 0.00000000
vn 0.00000000 0.00000000 1.00000000
vn 1.00000000 0.00000000 0.00000000
vn 0.54333300 0.04753550 -0.83817000
vn 0.99619500 0.08715570 0.00000000
vn 0.99904800 0.04361940 0.00000000
vn 0.00000000 0.00000000 1.00000000
vn 0.99144500 0.13052600 0.00000000
vn 0.54074300 0.07119010 -0.83817000
vn 0.00000000 0.00000000 1.00000000
vn 0.99619500 0.08715570 0.00000000
vn 0.53712300 0.09470920 -0.83817000
vn 0.98480800 0.17364800 0.00000000
vn 0.00000000 0.00000000 1.00000000
vn 0.99144500 0.13052600 0.00000000
vn 0.97629600 0.21644000 0.00000000
vn 0.53248000 0.11804800 -0.83817000
vn 0.98480800 0.17364800 0.00000000
vn 0.00000000 0.00000000 1.00000000
vn 0.96592600 0.25881900 0.00000000
vn 0.52682400 0.14116200 -0.83817000
vn 0.00000000 0.00000000 1.00000000
vn 0.97629600 0.21644000 0.00000000
vn 0.52016500 0.16400800 -0.83817000
vn 0.95371700 0.30070600 0.00000000
vn 0.96592600 0.25881900 0.00000000
vn 0.00000000 0.00000000 1.00000000
vn 0.51251600 0.18654100 -0.83817000
vn 0.93969300 0.34202000 0.00000000
vn 0.95371700 0.30070600 0.00000000
vn 0.00000000 0.00000000 1.00000000
vn 0.50389200 0.20871900 -0.83817000
vn 0.92388000 0.38268300 0.00000000
vn 0.00000000 0.00000000 1.00000000
vn 0.93969300 0.34202000 0.00000000
vn 0.90630800 0.42261800 0.00000000
vn 0.49430800 0.23050000 -0.83817000
vn 0.92388000 0.38268300 0.00000000
vn 0.00000000 0.00000000 1.00000000
vn 0.88701100 0.46174900 0.00000000
vn 0.48378300 0.25184200 -0.83817000
vn 0.90630800 0.42261800 0.00000000
vn 0.00000000 0.00000000 1.00000000
vn 0.86602500 0.50000000 0.00000000
vn 0.47233800 0.27270400 -0.83817000
vn 0.88701100 0.46174900 0.00000000
vn 0.00000000 0.00000000 1.00000000
vn 0.45999300 0.29304800 -0.83817000
vn 0.84339100 0.53730000 0.00000000
vn 0.00000000 0.00000000 1.00000000
vn 0.86602500 0.50000000 0.00000000
vn 0.81915200 0.57357600 0.00000000
vn 0.44677300 0.31283400 -0.83817000
vn 0.84339100 0.53730000 0.00000000
vn 0.00000000 0.00000000 1.00000000
vn 0.79335300 0.60876100 0.00000000
vn 0.43270200 0.33202400 -0.83817000
vn 0.81915200 0.57357600 0.00000000
vn 0.00000000 0.00000000 1.00000000
vn 0.41780700 0.35058200 -0.83817000
vn 0.76604400 0.64278800 0.00000000
vn 0.00000000 0.00000000 1.00000000
vn 0.79335300 0.60876100 0.00000000
vn 0.73727700 0.67559000 0.00000000
vn 0.40211700 0.36847300 -0.83817000
vn 0.00000000 0.00000000 1.00000000
vn 0.76604400 0.64278800 0.00000000
vn 0.70710700 0.70710700 0.00000000
vn 0.38566200 0.38566200 -0.83817000
vn 0.73727700 0.67559000 0.00000000
vn 0.00000000 0.00000000 1.00000000
vn 0.36847300 0.40211700 -0.83817000
vn 0.67559000 0.73727700 0.00000000
vn 0.00000000 0.00000000 1.00000000
vn 0.70710700 0.70710700 0.00000000
vn 0.64278800 0.76604400 0.00000000
vn 0.35058200 0.41780700 -0.83817000
vn 0.00000000 0.00000000 1.00000000
vn 0.67559000 0.73727700 0.00000000
vn 0.60876100 0.79335300 0.00000000
vn 0.33202400 0.43270200 -0.83817000
vn 0.64278800 0.76604400 0.00000000
vn 0.00000000 0.00000000 1.00000000
vn 0.57357600 0.81915200 0.00000000
vn 0.31283400 0.44677300 -0.83817000
vn 0.60876100 0.79335300 0.00000000
vn 0.00000000 0.00000000 1.00000000
vn 0.53730000 0.84339100 0.00000000
vn 0.29304800 0.45999300 -0.83817000
vn 0.57357600 0.81915200 0.00000000
vn 0.00000000 0.00000000 1.00000000
vn 0.27270400 0.47233800 -0.83817000
vn 0.50000000 0.86602500 0.00000000
vn 0.00000000 0.00000000 1.00000000
vn 0.53730000 0.84339100 0.00000000
vn 0.25184200 0.48378300 -0.83817000
vn 0.46174900 0.88701100 0.00000000
vn 0.00000000 0.00000000 1.00000000
vn 0.50000000 0.86602500 0.00000000
vn 0.23050000 0.49430800 -0.83817000
vn 0.42261800 0.90630800 0.00000000
vn 0.00000000 0.00000000 1.00000000
vn 0.46174900 0.88701100 0.00000000
vn 0.38268300 0.92388000 0.00000000
vn 0.20871900 0.50389200 -0.83817000
vn 0.00000000 0.00000000 1.00000000
vn 0.42261800 0.90630800 0.00000000
vn 0.34202000 0.93969300 0.00000000
vn 0.18654100 0.51251600 -0.83817000
vn 0.00000000 0.00000000 1.00000000
vn 0.38268300 0.92388000 0.00000000
vn 0.30070600 0.95371700 0.00000000
vn 0.16400800 0.52016500 -0.83817000
vn 0.00000000 0.00000000 1.00000000
vn 0.34202000 0.93969300 0.00000000
vn 0.14116200 0.52682400 -0.83817000
vn 0.25881900 0.96592600 0.00000000
vn 0.00000000 0.00000000 1.00000000
vn 0.30070600 0.95371700 0.00000000
vn 0.11804800 0.53248000 -0.83817000
vn 0.21644000 0.97629600 0.00000000
vn 0.25881900 0.96592600 0.00000000
vn 0.00000000 0.00000000 1.00000000
vn 0.09470920 0.53712300 -0.83817000
vn 0.17364800 0.98480800 0.00000000
vn 0.21644000 0.97629600 0.00000000
vn 0.00000000 0.00000000 1.00000000
vn 0.07119010 0.54074300 -0.83817000
vn 0.13052600 0.99144500 0.00000000
vn 0.17364800 0.98480800 0.00000000
vn 0.00000000 0.00000000 1.00000000
vn 0.08715570 0.99619500 0.00000000
vn 0.04753550 0.54333300 -0.83817000
vn 0.00000000 0.00000000 1.00000000
vn 0.13052600 0.99144500 0.00000000
vn 0.04361940 0.99904800 0.00000000
vn 0.02379040 0.54489000 -0.83817000
vn 0.00000000 0.00000000 1.00000000
vn 0.08715570 0.99619500 0.00000000
vn -0.00000000 0.54540900 -0.83817000
vn -0.00000000 1.00000000 0.00000000
vn 0.00000000 0.00000000 1.00000000
vn 0.04361940 0.99904800 0.00000000
vn -0.04361940 0.99904800 0.00000000
vn -0.02379040 0.54489000 -0.83817000
vn 0.00000000 0.00000000 1.00000000
vn -0.00000000 1.00000000 0.00000000
vn -0.08715570 0.99619500 0.00000000
vn -0.04753550 0.54333300 -0.83817000
vn -0.04361940 0.99904800 0.00000000
vn 0.00000000 0.00000000 1.00000000
vn -0.07119010 0.54074300 -0.83817000
vn -0.13052600 0.99144500 0.00000000
vn 0.00000000 0.00000000 1.00000000
vn -0.08715570 0.99619500 0.00000000
vn -0.09470920 0.53712300 -0.83817000
vn -0.17364800 0.98480800 0.00000000
vn -0.13052600 0.99144500 0.00000000
vn 0.00000000 0.00000000 1.00000000
vn -0.21644000 0.97629600 0.00000000
vn -0.11804800 0.53248000 -0.83817000
vn -0.17364800 0.98480800 0.00000000
vn 0.00000000 0.00000000 1.00000000
vn -0.25881900 0.96592600 0.00000000
vn -0.14116200 0.52682400 -0.83817000
vn -0.21644000 0.97629600 0.00000000
vn 0.00000000 0.00000000 1.00000000
vn -0.16400800 0.52016500 -0.83817000
vn -0.30070600 0.95371700 0.00000000
vn 0.00000000 0.00000000 1.00000000
vn -0.25881900 0.96592600 0.00000000
vn -0.34202000 0.93969300 0.00000000
vn -0.18654100 0.51251600 -0.83817000
vn 0.00000000 0.00000000 1.00000000
vn -0.30070600 0.95371700 0.00000000
vn -0.20871900 0.50389200 -0.83817000
vn -0.38268300 0.92388000 0.00000000
vn 0.00000000 0.00000000 1.00000000
vn -0.34202000 0.93969300 0.00000000
vn -0.42261800 0.90630800 0.00000000
vn -0.23050000 0.49430800 -0.83817000
vn -0.38268300 0.92388000 0.00000000
vn 0.00000000 0.00000000 1.00000000
vn -0.25184200 0.48378300 -0.83817000
vn -0.46174900 0.88701100 0.00000000
vn -0.42261800 0.90630800 0.00000000
vn 0.00000000 0.00000000 1.00000000
vn -0.50000000 0.86602500 0.00000000
vn -0.27270400 0.47233800 -0.83817000
vn 0.00000000 0.00000000 1.00000000
vn -0.46174900 0.88701100 0.00000000
vn -0.53730000 0.84339100 0.00000000
vn -0.29304800 0.45999300 -0.83817000
vn 0.00000000 0.00000000 1.00000000
vn -0.50000000 0.86602500 0.00000000
vn -0.57357600 0.81915200 0.00000000
vn -0.31283400 0.44677300 -0.83817000
vn -0.53730000 0.84339100 0.00000000
vn 0.00000000 0.00000000 1.00000000
vn -0.33202400 0.43270200 -0.83817000
vn -0.60876100 0.79335300 0.00000000
vn -0.57357600 0.81915200 0.00000000
vn 0.00000000 0.00000000 1.00000000
vn -0.35058200 0.41780700 -0.83817000
vn -0.64278800 0.76604400 0.00000000
vn -0.60876100 0.79335300 0.00000000
vn 0.00000000 0.00000000 1.00000000
vn -0.67559000 0.73727700 0.00000000
vn -0.36847300 0.40211700 -0.83817000
vn -0.64278800 0.76604400 0.00000000
vn 0.00000000 0.00000000 1.00000000
vn -0.38566200 0.38566200 -0.83817000
vn -0.70710700 0.70710700 0.00000000
vn 0.00000000 0.00000000 1.00000000
vn -0.67559000 0.73727700 0.00000000
vn -0.40211700 0.36847300 -0.83817000
vn -0.73727700 0.67559000 0.00000000
vn 0.00000000 0.00000000 1.00000000
vn -0.70710700 0.70710700 0.00000000
vn -0.41780700 0.35058200 -0.83817000
vn -0.76604400 0.64278800 0.00000000
vn 0.00000000 0.00000000 1.00000000
vn -0.73727700 0.67559000 0.00000000
vn -0.43270200 0.33202400 -0.83817000
vn -0.79335300 0.60876100 0.00000000
vn 0.00000000 0.00000000 1.00000000
vn -0.76604400 0.64278800 0.00000000
vn -0.81915200 0.57357600 0.00000000
vn -0.44677300 0.31283400 -0.83817000
vn -0.79335300 0.60876100 0.00000000
vn 0.00000000 0.00000000 1.00000000
vn -0.45999300 0.29304800 -0.83817000
vn -0.84339100 0.53730000 0.00000000
vn 0.00000000 0.00000000 1.00000000
vn -0.81915200 0.57357600 0.00000000
vn -0.86602500 0.50000000 0.00000000
vn -0.47233800 0.27270400 -0.83817000
vn -0.84339100 0.53730000 0.00000000
vn 0.00000000 0.00000000 1.00000000
vn -0.88701100 0.46174900 0.00000000
vn -0.48378300 0.25184200 -0.83817000
vn -0.86602500 0.50000000 0.00000000
vn 0.00000000 0.00000000 1.00000000
vn -0.49430800 0.23050000 -0.83817000
vn -0.90630800 0.42261800 0.00000000
vn -0.88701100 0.46174900 0.00000000
vn 0.00000000 0.00000000 1.00000000
vn -0.92388000 0.38268300 0.00000000
vn -0.50389200 0.20871900 -0.83817000
vn -0.90630800 0.42261800 0.00000000
vn 0.00000000 0.00000000 1.00000000
vn -0.51251600 0.18654100 -0.83817000
vn -0.93969300 0.34202000 0.00000000
vn -0.92388000 0.38268300 0.00000000
vn 0.00000000 0.00000000 1.00000000
vn -0.95371700 0.30070600 0.00000000
vn -0.52016500 0.16400800 -0.83817000
vn -0.93969300 0.34202000 0.00000000
vn 0.00000000 0.00000000 1.00000000
vn -0.96592600 0.25881900 0.00000000
vn -0.52682400 0.14116200 -0.83817000
vn -0.95371700 0.30070600 0.00000000
vn 0.00000000 0.00000000 1.00000000
vn -0.97629600 0.21644000 0.00000000
vn -0.53248000 0.11804800 -0.83817000
vn 0.00000000 0.00000000 1.00000000
vn -0.96592600 0.25881900 0.00000000
vn -0.53712300 0.09470920 -0.83817000
vn -0.98480800 0.17364800 0.00000000
vn -0.97629600 0.21644000 0.00000000
vn 0.00000000 0.00000000 1.00000000
vn -0.54074300 0.07119010 -0.83817000
vn -0.99144500 0.13052600 0.00000000
vn 0.00000000 0.00000000 1.00000000
vn -0.98480800 0.17364800 0.00000000
vn -0.99619500 0.08715570 0.00000000
vn -0.54333300 0.04753550 -0.83817000
vn -0.99144500 0.13052600 0.00000000
vn 0.00000000 0.00000000 1.00000000
vn -0.54489000 0.02379040 -0.83817000
vn -0.99904800 0.04361940 0.00000000
vn 0.00000000 0.00000000 1.00000000
vn -0.99619500 0.08715570 0.00000000
vn -1.00000000 -0.00000000 0.00000000
vn -0.54540900 -0.00000000 -0.83817000
vn 0.00000000 0.00000000 1.00000000
vn -0.99904800 0.04361940 0.00000000
vn -0.99904800 -0.04361940 0.00000000
vn -0.54489000 -0.02379040 -0.83817000
vn -1.00000000 -0.00000000 0.00000000
vn 0.00000000 0.00000000 1.00000000
vn -0.99619500 -0.08715570 0.00000000
vn -0.54333300 -0.04753550 -0.83817000
vn -0.99904800 -0.04361940 0.00000000
vn 0.00000000 0.00000000 1.00000000
vn -0.54074300 -0.07119010 -0.83817000
vn -0.99144500 -0.13052600 0.00000000
vn -0.99619500 -0.08715570 0.00000000
vn 0.00000000 0.00000000 1.00000000
vn -0.53712300 -0.09470920 -0.83817000
vn -0.98480800 -0.17364800 0.00000000
vn 0.00000000 0.00000000 1.00000000
vn -0.99144500 -0.13052600 0.00000000
vn -0.97629600 -0.21644000 0.00000000
vn -0.53248000 -0.11804800 -0.83817000
vn -0.98480800 -0.17364800 0.00000000
vn 0.00000000 0.00000000 1.00000000
vn -0.96592600 -0.25881900 0.00000000
vn -0.52682400 -0.14116200 -0.83817000
vn -0.97629600 -0.21644000 0.00000000
vn 0.00000000 0.00000000 1.00000000
vn -0.95371700 -0.30070600 0.00000000
vn -0.52016500 -0.16400800 -0.83817000
vn 0.00000000 0.00000000 1.00000000
vn -0.96592600 -0.25881900 0.00000000
vn -0.93969300 -0.34202000 0.00000000
vn -0.51251600 -0.18654100 -0.83817000
vn -0.95371700 -0.30070600 0.00000000
vn 0.00000000 0.00000000 1.00000000
vn -0.50389200 -0.20871900 -0.83817000
vn -0.92388000 -0.38268300 0.00000000
vn -0.93969300 -0.34202000 0.00000000
vn 0.00000000 0.00000000 1.00000000
vn -0.90630800 -0.42261800 0.00000000
vn -0.49430800 -0.23050000 -0.83817000
vn -0.92388000 -0.38268300 0.00000000
vn 0.00000000 0.00000000 1.00000000
vn -0.88701100 -0.46174900 0.00000000
vn -0.48378300 -0.25184200 -0.83817000
vn 0.00000000 0.00000000 1.00000000
vn -0.90630800 -0.42261800 0.00000000
vn -0.47233800 -0.27270400 -0.83817000
vn -0.86602500 -0.50000000 0.00000000
vn 0.00000000 0.00000000 1.00000000
vn -0.88701100 -0.46174900 0.00000000
vn -0.45999300 -0.29304800 -0.83817000
vn -0.84339100 -0.53730000 0.00000000
vn -0.86602500 -0.50000000 0.00000000
vn 0.00000000 0.00000000 1.00000000
vn -0.81915200 -0.57357600 0.00000000
vn -0.44677300 -0.31283400 -0.83817000
vn -0.84339100 -0.53730000 0.00000000
vn 0.00000000 0.00000000 1.00000000
vn -0.43270200 -0.33202400 -0.83817000
vn -0.79335300 -0.60876100 0.00000000
vn 0.00000000 0.00000000 1.00000000
vn -0.81915200 -0.57357600 0.00000000
vn -0.41780700 -0.35058200 -0.83817000
vn -0.76604400 -0.64278800 0.00000000
vn 0.00000000 0.00000000 1.00000000
vn -0.79335300 -0.60876100 0.00000000
vn -0.73727700 -0.67559000 0.00000000
vn -0.40211700 -0.36847300 -0.83817000
vn -0.76604400 -0.64278800 0.00000000
vn 0.00000000 0.00000000 1.00000000
vn -0.70710700 -0.70710700 0.00000000
vn -0.38566200 -0.38566200 -0.83817000
vn -0.73727700 -0.67559000 0.00000000
vn 0.00000000 0.00000000 1.00000000
vn -0.36847300 -0.40211700 -0.83817000
vn -0.67559000 -0.73727700 0.00000000
vn -0.70710700 -0.70710700 0.00000000
vn 0.00000000 0.00000000 1.00000000
vn -0.35058200 -0.41780700 -0.83817000
vn -0.64278800 -0.76604400 0.00000000
vn -0.67559000 -0.73727700 0.00000000
vn 0.00000000 0.00000000 1.00000000
vn -0.60876100 -0.79335300 0.00000000
vn -0.33202400 -0.43270200 -0.83817000
vn 0.00000000 0.00000000 1.00000000
vn -0.64278800 -0.76604400 0.00000000
vn -0.31283400 -0.44677300 -0.83817000
vn -0.57357600 -0.81915200 0.00000000
vn 0.00000000 0.00000000 1.00000000
vn -0.60876100 -0.79335300 0.00000000
vn -0.53730000 -0.84339100 0.00000000
vn -0.29304800 -0.45999300 -0.83817000
vn -0.57357600 -0.81915200 0.00000000
vn 0.00000000 0.00000000 1.00000000
vn -0.50000000 -0.86602500 0.00000000
vn -0.27270400 -0.47233800 -0.83817000
vn -0.53730000 -0.84339100 0.00000000
vn 0.00000000 0.00000000 1.00000000
vn -0.25184200 -0.48378300 -0.83817000
vn -0.46174900 -0.88701100 0.00000000
vn -0.50000000 -0.86602500 0.00000000
vn 0.00000000 0.00000000 1.00000000
vn -0.23050000 -0.49430800 -0.83817000
vn -0.42261800 -0.90630800 0.00000000
vn -0.46174900 -0.88701100 0.00000000
vn 0.00000000 0.00000000 1.00000000
vn -0.20871900 -0.50389200 -0.83817000
vn -0.38268300 -0.92388000 0.00000000
vn 0.00000000 0.00000000 1.00000000
vn -0.42261800 -0.90630800 0.00000000
vn -0.34202000 -0.93969300 0.00000000
vn -0.18654100 -0.51251600 -0.83817000
vn -0.38268300 -0.92388000 0.00000000
vn 0.00000000 0.00000000 1.00000000
vn -0.30070600 -0.95371700 0.00000000
vn -0.16400800 -0.52016500 -0.83817000
vn -0.34202000 -0.93969300 0.00000000
vn 0.00000000 0.00000000 1.00000000
vn -0.25881900 -0.96592600 0.00000000
vn -0.14116200 -0.52682400 -0.83817000
vn -0.30070600 -0.95371700 0.00000000
vn 0.00000000 0.00000000 1.00000000
vn -0.21644000 -0.97629600 0.00000000
vn -0.11804800 -0.53248000 -0.83817000
vn 0.00000000 0.00000000 1.00000000
vn -0.25881900 -0.96592600 0.00000000
vn -0.09470920 -0.53712300 -0.83817000
vn -0.17364800 -0.98480800 0.00000000
vn -0.21644000 -0.97629600 0.00000000
vn 0.00000000 0.00000000 1.00000000
vn -0.13052600 -0.99144500 0.00000000
vn -0.07119010 -0.54074300 -0.83817000
vn 0.00000000 0.00000000 1.00000000
vn -0.17364800 -0.98480800 0.00000000
vn -0.08715570 -0.99619500 0.00000000
vn -0.04753550 -0.54333300 -0.83817000
vn 0.00000000 0.00000000 1.00000000
vn -0.13052600 -0.99144500 0.00000000
vn -0.04361940 -0.99904800 0.00000000
vn -0.02379040 -0.54489000 -0.83817000
vn 0.00000000 0.00000000 1.00000000
vn -0.08715570 -0.99619500 0.00000000
vn 0.00000000 -1.00000000 0.00000000
vn 0.00000000 -0.54540900 -0.83817000
vn -0.04361940 -0.99904800 0.00000000
vn 0.00000000 0.00000000 1.00000000
vn 0.04361940 -0.99904800 0.00000000
vn 0.02379040 -0.54489000 -0.83817000
vn 0.00000000 -1.00000000 0.00000000
vn 0.00000000 0.00000000 1.00000000
vn 0.08715570 -0.99619500 0.00000000
vn 0.04753550 -0.54333300 -0.83817000
vn 0.00000000 0.00000000 1.00000000
vn 0.04361940 -0.99904800 0.00000000
vn 0.13052600 -0.99144500 0.00000000
vn 0.07119010 -0.54074300 -0.83817000
vn 0.08715570 -0.99619500 0.00000000
vn 0.00000000 0.00000000 1.00000000
vn 0.17364800 -0.98480800 0.00000000
vn 0.09470920 -0.53712300 -0.83817000
vn 0.00000000 0.00000000 1.00000000
vn 0.13052600 -0.99144500 0.00000000
vn 0.21644000 -0.97629600 0.00000000
vn 0.11804800 -0.53248000 -0.83817000
vn 0.17364800 -0.98480800 0.00000000
vn 0.00000000 0.00000000 1.00000000
vn 0.25881900 -0.96592600 0.00000000
vn 0.14116200 -0.52682400 -0.83817000
vn 0.21644000 -0.97629600 0.00000000
vn 0.00000000 0.00000000 1.00000000
vn 0.30070600 -0.95371700 0.00000000
vn 0.16400800 -0.52016500 -0.83817000
vn 0.25881900 -0.96592600 0.00000000
vn 0.00000000 0.00000000 1.00000000
vn 0.18654100 -0.51251600 -0.83817000
vn 0.34202000 -0.93969300 0.00000000
vn 0.00000000 0.00000000 1.00000000
vn 0.30070600 -0.95371700 0.00000000
vn 0.20871900 -0.50389200 -0.83817000
vn 0.38268300 -0.92388000 0.00000000
vn 0.00000000 0.00000000 1.00000000
vn 0.34202000 -0.93969300 0.00000000
vn 0.23050000 -0.49430800 -0.83817000
vn 0.42261800 -0.90630800 0.00000000
vn 0.00000000 0.00000000 1.00000000
vn 0.38268300 -0.92388000 0.00000000
vn 0.46174900 -0.88701100 0.00000000
vn 0.25184200 -0.48378300 -0.83817000
vn 0.42261800 -0.90630800 0.00000000
vn 0.00000000 0.00000000 1.00000000
vn 0.27270400 -0.47233800 -0.83817000
vn 0.50000000 -0.86602500 0.00000000
vn 0.00000000 0.00000000 1.00000000
vn 0.46174900 -0.88701100 0.00000000
vn 0.53730000 -0.84339100 0.00000000
vn 0.29304800 -0.45999300 -0.83817000
vn 0.00000000 0.00000000 1.00000000
vn 0.50000000 -0.86602500 0.00000000
vn 0.57357600 -0.81915200 0.00000000
vn 0.31283400 -0.44677300 -0.83817000
vn 0.00000000 0.00000000 1.00000000
vn 0.53730000 -0.84339100 0.00000000
vn 0.60876100 -0.79335300 0.00000000
vn 0.33202400 -0.43270200 -0.83817000
vn 0.00000000 0.00000000 1.00000000
vn 0.57357600 -0.81915200 0.00000000
vn 0.64278800 -0.76604400 0.00000000
vn 0.35058200 -0.41780700 -0.83817000
vn 0.60876100 -0.79335300 0.00000000
vn 0.00000000 0.00000000 1.00000000
vn 0.36847300 -0.40211700 -0.83817000
vn 0.67559000 -0.73727700 0.00000000
vn 0.64278800 -0.76604400 0.00000000
vn 0.00000000 0.00000000 1.00000000
vn 0.38566200 -0.38566200 -0.83817000
vn 0.70710700 -0.70710700 0.00000000
vn 0.00000000 0.00000000 1.00000000
vn 0.67559000 -0.73727700 0.00000000
vn 0.73727700 -0.67559000 0.00000000
vn 0.40211700 -0.36847300 -0.83817000
vn 0.00000000 0.00000000 1.00000000
vn 0.70710700 -0.70710700 0.00000000
vn 0.41780700 -0.35058200 -0.83817000
vn 0.76604400 -0.64278800 0.00000000
vn 0.00000000 0.00000000 1.00000000
vn 0.73727700 -0.67559000 0.00000000
vn 0.79335300 -0.60876100 0.00000000
vn 0.43270200 -0.33202400 -0.83817000
vn 0.00000000 0.00000000 1.00000000
vn 0.76604400 -0.64278800 0.00000000
vn 0.81915200 -0.57357600 0.00000000
vn 0.44677300 -0.31283400 -0.83817000
vn 0.79335300 -0.60876100 0.00000000
vn 0.00000000 0.00000000 1.00000000
vn 0.84339100 -0.53730000 0.00000000
vn 0.45999300 -0.29304800 -0.83817000
vn 0.00000000 0.00000000 1.00000000
vn 0.81915200 -0.57357600 0.00000000
vn 0.86602500 -0.50000000 0.00000000
vn 0.47233800 -0.27270400 -0.83817000
vn 0.00000000 0.00000000 1.00000000
vn 0.84339100 -0.53730000 0.00000000
vn 0.48378300 -0.25184200 -0.83817000
vn 0.88701100 -0.46174900 0.00000000
vn 0.86602500 -0.50000000 0.00000000
vn 0.00000000 0.00000000 1.00000000
vn 0.90630800 -0.42261800 0.00000000
vn 0.49430800 -0.23050000 -0.83817000
vn 0.88701100 -0.46174900 0.00000000
vn 0.00000000 0.00000000 1.00000000
vn 0.92388000 -0.38268300 0.00000000
vn 0.50389200 -0.20871900 -0.83817000
vn 0.90630800 -0.42261800 0.00000000
vn 0.00000000 0.00000000 1.00000000
vn 0.51251600 -0.18654100 -0.83817000
vn 0.93969300 -0.34202000 0.00000000
vn 0.92388000 -0.38268300 0.00000000
vn 0.00000000 0.00000000 1.00000000
vn 0.52016500 -0.16400800 -0.83817000
vn 0.95371700 -0.30070600 0.00000000
vn 0.00000000 0.00000000 1.00000000
vn 0.93969300 -0.34202000 0.00000000
vn 0.96592600 -0.25881900 0.00000000
vn 0.52682400 -0.14116200 -0.83817000
vn 0.00000000 0.00000000 1.00000000
vn 0.95371700 -0.30070600 0.00000000
vn 0.53248000 -0.11804800 -0.83817000
vn 0.97629600 -0.21644000 0.00000000
vn 0.96592600 -0.25881900 0.00000000
vn 0.00000000 0.00000000 1.00000000
vn 0.53712300 -0.09470920 -0.83817000
vn 0.98480800 -0.17364800 0.00000000
vn 0.00000000 0.00000000 1.00000000
vn 0.97629600 -0.21644000 0.00000000
vn 0.99144500 -0.13052600 0.00000000
vn 0.54074300 -0.07119010 -0.83817000
vn 0.00000000 0.00000000 1.00000000
vn 0.98480800 -0.17364800 0.00000000
vn 0.99619500 -0.08715570 0.00000000
vn 0.54333300 -0.04753550 -0.83817000
vn 0.00000000 0.00000000 1.00000000
vn 0.99144500 -0.13052600 0.00000000
vn 0.54489000 -0.02379040 -0.83817000
vn 0.99904800 -0.04361940 0.00000000
vn 0.99619500 -0.08715570 0.00000000
vn 0.00000000 0.00000000 1.00000000
vn 0.99904800 -0.04361940 0.00000000
vn 0.00000000 0.00000000 1.00000000
vn -0.95371700 0.30070600 0.00000000
vn 0.00000000 0.00000000 1.00000000
vn -0.96592600 0.25881900 0.00000000
vn 0.00000000 0.00000000 1.00000000
vn 0.00000000 0.00000000 1.00000000
vn -0.97629600 0.21644000 0.00000000
vn -0.88701100 0.46174900 0.00000000
vn 0.00000000 0.00000000 1.00000000
vn 0.00000000 0.00000000 1.00000000
vn -0.90630800 0.42261800 0.00000000
vn -0.93969300 0.34202000 0.00000000
vn 0.00000000 0.00000000 1.00000000
vn 0.00000000 0.00000000 1.00000000
vn -0.30070600 0.95371700 0.00000000
vn -0.34202000 0.93969300 0.00000000
vn 0.00000000 0.00000000 1.00000000
vn -0.46174900 0.88701100 0.00000000
vn 0.00000000 0.00000000 1.00000000
vn -0.50000000 0.86602500 0.00000000
vn 0.00000000 0.00000000 1.00000000
vn -0.57357600 0.81915200 0.00000000
vn 0.00000000 0.00000000 1.00000000
vn -0.60876100 0.79335300 0.00000000
vn 0.00000000 0.00000000 1.00000000
vn 0.00000000 0.00000000 1.00000000
vn -0.86602500 0.50000000 0.00000000
vn 0.00000000 0.00000000 1.00000000
vn -0.92388000 0.38268300 0.00000000
vn 0.00000000 0.00000000 1.00000000
vn 0.08715570 0.99619500 0.00000000
vn 0.04361940 0.99904800 0.00000000
vn 0.00000000 0.00000000 1.00000000
vn -0.00000000 1.00000000 0.00000000
vn 0.00000000 0.00000000 1.00000000
vn -0.04361940 0.99904800 0.00000000
vn 0.00000000 0.00000000 1.00000000
vn 0.00000000 0.00000000 1.00000000
vn -0.08715570 0.99619500 0.00000000
vn -0.13052600 0.99144500 0.00000000
vn 0.00000000 0.00000000 1.00000000
vn 0.00000000 0.00000000 1.00000000
vn -0.17364800 0.98480800 0.00000000
vn -0.21644000 0.97629600 0.00000000
vn 0.00000000 0.00000000 1.00000000
vn -0.25881900 0.96592600 0.00000000
vn 0.00000000 0.00000000 1.00000000
vn -0.38268300 0.92388000 0.00000000
vn 0.00000000 0.00000000 1.00000000
vn -0.42261800 0.90630800 0.00000000
vn 0.00000000 0.00000000 1.00000000
vn 0.00000000 0.00000000 1.00000000
vn -0.53730000 0.84339100 0.00000000
vn -0.64278800 0.76604400 0.00000000
vn 0.00000000 0.00000000 1.00000000
vn 0.00000000 0.00000000 1.00000000
vn -0.76604400 0.64278800 0.00000000
vn 0.00000000 0.00000000 1.00000000
vn -0.79335300 0.60876100 0.00000000
vn 0.00000000 0.00000000 1.00000000
vn -0.81915200 0.57357600 0.00000000
vn 0.00000000 0.00000000 1.00000000
vn -0.84339100 0.53730000 0.00000000
vn 0.00000000 0.00000000 1.00000000
vn -1.00000000 0.00000000 0.00000000
vn 0.00000000 0.00000000 1.00000000
vn -0.99904800 -0.04361940 0.00000000
vn -0.99619500 -0.08715570 0.00000000
vn 0.00000000 0.00000000 1.00000000
vn 0.00000000 0.00000000 1.00000000
vn -0.99144500 -0.13052600 0.00000000
vn -0.97629600 -0.21644000 0.00000000
vn 0.00000000 0.00000000 1.00000000
vn -0.96592600 -0.25881900 0.00000000
vn 0.00000000 0.00000000 1.00000000
vn 0.00000000 0.00000000 1.00000000
vn -0.93969300 -0.34202000 0.00000000
vn -0.92388000 -0.38268300 0.00000000
vn 0.00000000 0.00000000 1.00000000
vn 0.00000000 0.00000000 1.00000000
vn -0.90630800 -0.42261800 0.00000000
vn -0.88701100 -0.46174900 0.00000000
vn 0.00000000 0.00000000 1.00000000
vn 0.00000000 0.00000000 1.00000000
vn -0.86602500 -0.50000000 0.00000000
vn -0.38268300 -0.92388000 0.00000000
vn 0.00000000 0.00000000 1.00000000
vn -0.34202000 -0.93969300 0.00000000
vn 0.00000000 0.00000000 1.00000000
vn -0.30070600 -0.95371700 0.00000000
vn 0.00000000 0.00000000 1.00000000
vn 0.00000000 0.00000000 1.00000000
vn -0.73727700 0.67559000 0.00000000
vn -0.98480800 -0.17364800 0.00000000
vn 0.00000000 0.00000000 1.00000000
vn -0.95371700 -0.30070600 0.00000000
vn 0.00000000 0.00000000 1.00000000
vn -0.76604400 -0.64278800 0.00000000
vn 0.00000000 0.00000000 1.00000000
vn -0.73727700 -0.67559000 0.00000000
vn 0.00000000 0.00000000 1.00000000
vn -0.25881900 -0.96592600 0.00000000
vn 0.00000000 0.00000000 1.00000000
vn 0.00000000 0.00000000 1.00000000
vn 0.34202000 0.93969300 0.00000000
vn 0.00000000 0.00000000 1.00000000
vn 0.30070600 0.95371700 0.00000000
vn 0.00000000 0.00000000 1.00000000
vn -0.67559000 0.73727700 0.00000000
vn 0.00000000 0.00000000 1.00000000
vn -0.70710700 0.70710700 0.00000000
vn -0.84339100 -0.53730000 0.00000000
vn 0.00000000 0.00000000 1.00000000
vn -0.81915200 -0.57357600 0.00000000
vn 0.00000000 0.00000000 1.00000000
vn -0.79335300 -0.60876100 0.00000000
vn 0.00000000 0.00000000 1.00000000
vn -0.50000000 -0.86602500 0.00000000
vn 0.00000000 0.00000000 1.00000000
vn 0.00000000 0.00000000 1.00000000
vn -0.46174900 -0.88701100 0.00000000
vn -0.21644000 -0.97629600 0.00000000
vn 0.00000000 0.00000000 1.00000000
vn 0.00000000 0.00000000 1.00000000
vn 0.57357600 0.81915200 0.00000000
vn 0.00000000 0.00000000 1.00000000
vn 0.53730000 0.84339100 0.00000000
vn 0.00000000 0.00000000 1.00000000
vn 0.38268300 0.92388000 0.00000000
vn -0.98480800 0.17364800 0.00000000
vn 0.00000000 0.00000000 1.00000000
vn -0.99144500 0.13052600 0.00000000
vn 0.00000000 0.00000000 1.00000000
vn -0.99619500 0.08715570 0.00000000
vn 0.00000000 0.00000000 1.00000000
vn -0.99904800 0.04361940 0.00000000
vn 0.00000000 0.00000000 1.00000000
vn 0.00000000 0.00000000 1.00000000
vn -0.60876100 -0.79335300 0.00000000
vn -0.57357600 -0.81915200 0.00000000
vn 0.00000000 0.00000000 1.00000000
vn 0.00000000 0.00000000 1.00000000
vn -0.42261800 -0.90630800 0.00000000
vn 0.50000000 0.86602500 0.00000000
vn 0.00000000 0.00000000 1.00000000
vn 0.42261800 0.90630800 0.00000000
vn 0.00000000 0.00000000 1.00000000
vn 0.00000000 0.00000000 1.00000000
vn 0.25881900 0.96592600 0.00000000
vn 0.21644000 0.97629600 0.00000000
vn 0.00000000 0.00000000 1.00000000
vn 0.17364800 0.98480800 0.00000000
vn 0.00000000 0.00000000 1.00000000
vn 0.13052600 0.99144500 0.00000000
vn 0.00000000 0.00000000 1.00000000
vn 0.00000000 0.00000000 1.00000000
vn -0.70710700 -0.70710700 0.00000000
vn 0.00000000 0.00000000 1.00000000
vn -0.67559000 -0.73727700 0.00000000
vn -0.53730000 -0.84339100 0.00000000
vn 0.00000000 0.00000000 1.00000000
vn 0.67559000 0.73727700 0.00000000
vn 0.00000000 0.00000000 1.00000000
vn 0.64278800 0.76604400 0.00000000
vn 0.00000000 0.00000000 1.00000000
vn 0.46174900 0.88701100 0.00000000
vn 0.00000000 0.00000000 1.00000000
vn -0.64278800 -0.76604400 0.00000000
vn 0.00000000 0.00000000 1.00000000
vn 0.00000000 0.00000000 1.00000000
vn 0.04361940 -0.99904800 0.00000000
vn 0.00000000 0.00000000 1.00000000
vn 0.08715570 -0.99619500 0.00000000
vn 0.00000000 0.00000000 1.00000000
vn 0.38268300 -0.92388000 0.00000000
vn 0.00000000 0.00000000 1.00000000
vn 0.42261800 -0.90630800 0.00000000
vn 0.00000000 0.00000000 1.00000000
vn 0.76604400 0.64278800 0.00000000
vn 0.00000000 0.00000000 1.00000000
vn 0.73727700 0.67559000 0.00000000
vn 0.60876100 0.79335300 0.00000000
vn 0.00000000 0.00000000 1.00000000
vn 0.00000000 0.00000000 1.00000000
vn 0.00000000 -1.00000000 0.00000000
vn 0.17364800 -0.98480800 0.00000000
vn 0.00000000 0.00000000 1.00000000
vn 0.00000000 0.00000000 1.00000000
vn 0.21644000 -0.97629600 0.00000000
vn 0.46174900 -0.88701100 0.00000000
vn 0.00000000 0.00000000 1.00000000
vn 0.00000000 0.00000000 1.00000000
vn 0.57357600 -0.81915200 0.00000000
vn 0.00000000 0.00000000 1.00000000
vn 0.60876100 -0.79335300 0.00000000
vn 0.88701100 0.46174900 0.00000000
vn 0.00000000 0.00000000 1.00000000
vn 0.86602500 0.50000000 0.00000000
vn 0.00000000 0.00000000 1.00000000
vn 0.84339100 0.53730000 0.00000000
vn 0.00000000 0.00000000 1.00000000
vn 0.81915200 0.57357600 0.00000000
vn 0.00000000 0.00000000 1.00000000
vn 0.70710700 0.70710700 0.00000000
vn 0.00000000 0.00000000 1.00000000
vn 0.00000000 0.00000000 1.00000000
vn 0.13052600 -0.99144500 0.00000000
vn 0.25881900 -0.96592600 0.00000000
vn 0.00000000 0.00000000 1.00000000
vn 0.00000000 0.00000000 1.00000000
vn 0.50000000 -0.86602500 0.00000000
vn 0.64278800 -0.76604400 0.00000000
vn 0.00000000 0.00000000 1.00000000
vn 0.00000000 0.00000000 1.00000000
vn 0.79335300 0.60876100 0.00000000
vn -0.17364800 -0.98480800 0.00000000
vn 0.00000000 0.00000000 1.00000000
vn 0.00000000 0.00000000 1.00000000
vn -0.13052600 -0.99144500 0.00000000
vn 0.30070600 -0.95371700 0.00000000
vn 0.00000000 0.00000000 1.00000000
vn 0.00000000 0.00000000 1.00000000
vn 0.34202000 -0.93969300 0.00000000
vn 0.00000000 0.00000000 1.00000000
vn 0.53730000 -0.84339100 0.00000000
vn 0.00000000 0.00000000 1.00000000
vn 0.67559000 -0.73727700 0.00000000
vn 0.90630800 -0.42261800 0.00000000
vn 0.00000000 0.00000000 1.00000000
vn 0.92388000 -0.38268300 0.00000000
vn 0.00000000 0.00000000 1.00000000
vn 0.00000000 0.00000000 1.00000000
vn -0.08715570 -0.99619500 0.00000000
vn 0.00000000 0.00000000 1.00000000
vn -0.04361940 -0.99904800 0.00000000
vn 0.70710700 -0.70710700 0.00000000
vn 0.00000000 0.00000000 1.00000000
vn 0.00000000 0.00000000 1.00000000
vn 0.73727700 -0.67559000 0.00000000
vn 0.00000000 0.00000000 1.00000000
vn 0.76604400 -0.64278800 0.00000000
vn 0.00000000 0.00000000 1.00000000
vn 0.79335300 -0.60876100 0.00000000
vn 0.00000000 0.00000000 1.00000000
vn 0.93969300 -0.34202000 0.00000000
vn 0.00000000 0.00000000 1.00000000
vn 0.95371700 -0.30070600 0.00000000
vn 0.96592600 -0.25881900 0.00000000
vn 0.00000000 0.00000000 1.00000000
vn 0.81915200 -0.57357600 0.00000000
vn 0.00000000 0.00000000 1.00000000
vn 0.00000000 0.00000000 1.00000000
vn 0.88701100 -0.46174900 0.00000000
vn 0.97629600 -0.21644000 0.00000000
vn 0.00000000 0.00000000 1.00000000
vn 0.00000000 0.00000000 1.00000000
vn 0.95371700 0.30070600 0.00000000
vn 0.00000000 0.00000000 1.00000000
vn 0.93969300 0.34202000 0.00000000
vn 0.00000000 0.00000000 1.00000000
vn 0.92388000 0.38268300 0.00000000
vn 0.90630800 0.42261800 0.00000000
vn 0.00000000 0.00000000 1.00000000
vn 0.00000000 0.00000000 1.00000000
vn 0.84339100 -0.53730000 0.00000000
vn 0.86602500 -0.50000000 0.00000000
vn 0.00000000 0.00000000 1.00000000
vn 0.00000000 0.00000000 1.00000000
vn 0.98480800 -0.17364800 0.00000000
vn 0.00000000 0.00000000 1.00000000
vn 0.99144500 -0.13052600 0.00000000
vn 0.00000000 0.00000000 1.00000000
vn 0.99619500 -0.08715570 0.00000000
vn 0.00000000 0.00000000 1.00000000
vn 0.99904800 -0.04361940 0.00000000
vn 0.00000000 0.00000000 1.00000000
vn 0.99144500 0.13052600 0.00000000
vn 0.00000000 0.00000000 1.00000000
vn 0.98480800 0.17364800 0.00000000
vn 0.00000000 0.00000000 1.00000000
vn 0.97629600 0.21644000 0.00000000
vn 0.00000000 0.00000000 1.00000000
vn 0.96592600 0.25881900 0.00000000
vn 0.00000000 0.00000000 1.00000000
vn 1.00000000 0.00000000 0.00000000
vn 0.99619500 0.08715570 0.00000000
vn 0.00000000 0.00000000 1.00000000
vn 0.99904800 0.04361940 0.00000000
vn 0.00000000 0.00000000 1.00000000
vn -1.00000000 0.00000000 0.00000000
vn 0.00000000 0.00000000 -1.00000000
vn -0.99904800 0.04361940 0.00000000
vn 0.00000000 0.00000000 -1.00000000
vn -0.99619500 0.08715570 0.00000000
vn 0.00000000 0.00000000 -1.00000000
vn -0.99144500 0.13052600 0.00000000
vn 0.00000000 0.00000000 -1.00000000
vn -0.98480800 0.17364800 0.00000000
vn 0.00000000 0.00000000 -1.00000000
vn 0.00000000 0.00000000 -1.00000000
vn -0.97629600 0.21644000 0.00000000
vn -0.96592600 0.25881900 0.00000000
vn 0.00000000 0.00000000 -1.00000000
vn -0.95371700 0.30070600 0.00000000
vn 0.00000000 0.00000000 -1.00000000
vn -0.93969300 0.34202000 0.00000000
vn 0.00000000 0.00000000 -1.00000000
vn 0.00000000 0.00000000 -1.00000000
vn -0.92388000 0.38268300 0.00000000
vn 0.00000000 0.00000000 -1.00000000
vn -0.90630800 0.42261800 0.00000000
vn -0.88701100 0.46174900 0.00000000
vn 0.00000000 0.00000000 -1.00000000
vn -0.86602500 0.50000000 0.00000000
vn 0.00000000 0.00000000 -1.00000000
vn -0.84339100 0.53730000 0.00000000
vn 0.00000000 0.00000000 -1.00000000
vn -0.81915200 0.57357600 0.00000000
vn 0.00000000 0.00000000 -1.00000000
vn 0.00000000 0.00000000 -1.00000000
vn -0.79335300 0.60876100 0.00000000
vn -0.76604400 0.64278800 0.00000000
vn 0.00000000 0.00000000 -1.00000000
vn -0.73727700 0.67559000 0.00000000
vn 0.00000000 0.00000000 -1.00000000
vn -0.70710700 0.70710700 0.00000000
vn 0.00000000 0.00000000 -1.00000000
vn 0.00000000 0.00000000 -1.00000000
vn -0.67559000 0.73727700 0.00000000
vn 0.00000000 0.00000000 -1.00000000
vn -0.64278800 0.76604400 0.00000000
vn 0.00000000 0.00000000 -1.00000000
vn -0.60876100 0.79335300 0.00000000
vn 0.00000000 0.00000000 -1.00000000
vn -0.57357600 0.81915200 0.00000000
vn 0.00000000 0.00000000 -1.00000000
vn -0.53730000 0.84339100 0.00000000
vn 0.00000000 0.00000000 -1.00000000
vn -0.50000000 0.86602500 0.00000000
vn 0.00000000 0.00000000 -1.00000000
vn -0.46174900 0.88701100 0.00000000
vn -0.42261800 0.90630800 0.00000000
vn 0.00000000 0.00000000 -1.00000000
vn -0.38268300 0.92388000 0.00000000
vn 0.00000000 0.00000000 -1.00000000
vn -0.34202000 0.93969300 0.00000000
vn 0.00000000 0.00000000 -1.00000000
vn 0.00000000 0.00000000 -1.00000000
vn -0.30070600 0.95371700 0.00000000
vn 0.00000000 0.00000000 -1.00000000
vn -0.25881900 0.96592600 0.00000000
vn 0.00000000 0.00000000 -1.00000000
vn -0.21644000 0.97629600 0.00000000
vn 0.00000000 0.00000000 -1.00000000
vn -0.17364800 0.98480800 0.00000000
vn 0.00000000 0.00000000 -1.00000000
vn -0.13052600 0.99144500 0.00000000
vn -0.08715570 0.99619500 0.00000000
vn 0.00000000 0.00000000 -1.00000000
vn 0.00000000 0.00000000 -1.00000000
vn -0.04361940 0.99904800 0.00000000
vn -0.00000000 1.00000000 0.00000000
vn 0.00000000 0.00000000 -1.00000000
vn 0.04361940 0.99904800 0.00000000
vn 0.00000000 0.00000000 -1.00000000
vn 0.08715570 0.99619500 0.00000000
vn 0.00000000 0.00000000 -1.00000000
vn 0.13052600 0.99144500 0.00000000
vn 0.00000000 0.00000000 -1.00000000
vn 0.17364800 0.98480800 0.00000000
vn 0.00000000 0.00000000 -1.00000000
vn 0.21644000 0.97629600 0.00000000
vn 0.00000000 0.00000000 -1.00000000
vn 0.00000000 0.00000000 -1.00000000
vn 0.25881900 0.96592600 0.00000000
vn 0.00000000 0.00000000 -1.00000000
vn 0.30070600 0.95371700 0.00000000
vn 0.00000000 0.00000000 -1.00000000
vn 0.34202000 0.93969300 0.00000000
vn 0.00000000 0.00000000 -1.00000000
vn 0.38268300 0.92388000 0.00000000
vn 0.42261800 0.90630800 0.00000000
vn 0.00000000 0.00000000 -1.00000000
vn 0.46174900 0.88701100 0.00000000
vn 0.00000000 0.00000000 -1.00000000
vn 0.50000000 0.86602500 0.00000000
vn 0.00000000 0.00000000 -1.00000000
vn 0.53730000 0.84339100 0.00000000
vn 0.00000000 0.00000000 -1.00000000
vn 0.57357600 0.81915200 0.00000000
vn 0.00000000 0.00000000 -1.00000000
vn 0.60876100 0.79335300 0.00000000
vn 0.00000000 0.00000000 -1.00000000
vn 0.00000000 0.00000000 -1.00000000
vn 0.64278800 0.76604400 0.00000000
vn 0.67559000 0.73727700 0.00000000
vn 0.00000000 0.00000000 -1.00000000
vn 0.00000000 0.00000000 -1.00000000
vn 0.70710700 0.70710700 0.00000000
vn 0.73727700 0.67559000 0.00000000
vn 0.00000000 0.00000000 -1.00000000
vn 0.76604400 0.64278800 0.00000000
vn 0.00000000 0.00000000 -1.00000000
vn 0.79335300 0.60876100 0.00000000
vn 0.00000000 0.00000000 -1.00000000
vn 0.81915200 0.57357600 0.00000000
vn 0.00000000 0.00000000 -1.00000000
vn 0.00000000 0.00000000 -1.00000000
vn 0.84339100 0.53730000 0.00000000
vn 0.86602500 0.50000000 0.00000000
vn 0.00000000 0.00000000 -1.00000000
vn 0.00000000 0.00000000 -1.00000000
vn 0.88701100 0.46174900 0.00000000
vn 0.00000000 0.00000000 -1.00000000
vn 0.90630800 0.42261800 0.00000000
vn 0.00000000 0.00000000 -1.00000000
vn 0.92388000 0.38268300 0.00000000
vn 0.93969300 0.34202000 0.00000000
vn 0.00000000 0.00000000 -1.00000000
vn 0.00000000 0.00000000 -1.00000000
vn 0.95371700 0.30070600 0.00000000
vn 0.96592600 0.25881900 0.00000000
vn 0.00000000 0.00000000 -1.00000000
vn 0.00000000 0.00000000 -1.00000000
vn 0.97629600 0.21644000 0.00000000
vn 0.98480800 0.17364800 0.00000000
vn 0.00000000 0.00000000 -1.00000000
vn 0.99144500 0.13052600 0.00000000
vn 0.00000000 0.00000000 -1.00000000
vn 0.00000000 0.00000000 -1.00000000
vn 0.99619500 0.08715570 0.00000000
vn 0.99904800 0.04361940 0.00000000
vn 0.00000000 0.00000000 -1.00000000
vn 1.00000000 0.00000000 0.00000000
vn 0.00000000 0.00000000 -1.00000000
vn 0.00000000 0.00000000 -1.00000000
vn 0.99904800 -0.04361940 0.00000000
vn 0.99619500 -0.08715570 0.00000000
vn 0.00000000 0.00000000 -1.00000000
vn 0.00000000 0.00000000 -1.00000000
vn 0.99144500 -0.13052600 0.00000000
vn 0.98480800 -0.17364800 0.00000000
vn 0.00000000 0.00000000 -1.00000000
vn 0.97629600 -0.21644000 0.00000000
vn 0.00000000 0.00000000 -1.00000000
vn 0.00000000 0.00000000 -1.00000000
vn 0.96592600 -0.25881900 0.00000000
vn 0.95371700 -0.30070600 0.00000000
vn 0.00000000 0.00000000 -1.00000000
vn 0.93969300 -0.34202000 0.00000000
vn 0.00000000 0.00000000 -1.00000000
vn 0.92388000 -0.38268300 0.00000000
vn 0.00000000 0.00000000 -1.00000000
vn 0.00000000 0.00000000 -1.00000000
vn 0.90630800 -0.42261800 0.00000000
vn 0.88701100 -0.46174900 0.00000000
vn 0.00000000 0.00000000 -1.00000000
vn 0.00000000 0.00000000 -1.00000000
vn 0.86602500 -0.50000000 0.00000000
vn 0.00000000 0.00000000 -1.00000000
vn 0.84339100 -0.53730000 0.00000000
vn 0.81915200 -0.57357600 0.00000000
vn 0.00000000 0.00000000 -1.00000000
vn 0.79335300 -0.60876100 0.00000000
vn 0.00000000 0.00000000 -1.00000000
vn 0.76604400 -0.64278800 0.00000000
vn 0.00000000 0.00000000 -1.00000000
vn 0.73727700 -0.67559000 0.00000000
vn 0.00000000 0.00000000 -1.00000000
vn 0.00000000 0.00000000 -1.00000000
vn 0.70710700 -0.70710700 0.00000000
vn 0.00000000 0.00000000 -1.00000000
vn 0.67559000 -0.73727700 0.00000000
vn 0.64278800 -0.76604400 0.00000000
vn 0.00000000 0.00000000 -1.00000000
vn 0.60876100 -0.79335300 0.00000000
vn 0.00000000 0.00000000 -1.00000000
vn 0.57357600 -0.81915200 0.00000000
vn 0.00000000 0.00000000 -1.00000000
vn 0.53730000 -0.84339100 0.00000000
vn 0.00000000 0.00000000 -1.00000000
vn 0.00000000 0.00000000 -1.00000000
vn 0.50000000 -0.86602500 0.00000000
vn 0.46174900 -0.88701100 0.00000000
vn 0.00000000 0.00000000 -1.00000000
vn 0.00000000 0.00000000 -1.00000000
vn 0.42261800 -0.90630800 0.00000000
vn 0.00000000 0.00000000 -1.00000000
vn 0.38268300 -0.92388000 0.00000000
vn 0.34202000 -0.93969300 0.00000000
vn 0.00000000 0.00000000 -1.00000000
vn 0.00000000 0.00000000 -1.00000000
vn 0.30070600 -0.95371700 0.00000000
vn 0.00000000 0.00000000 -1.00000000
vn 0.25881900 -0.96592600 0.00000000
vn 0.21644000 -0.97629600 0.00000000
vn 0.00000000 0.00000000 -1.00000000
vn 0.17364800 -0.98480800 0.00000000
vn 0.00000000 0.00000000 -1.00000000
vn 0.00000000 0.00000000 -1.00000000
vn 0.13052600 -0.99144500 0.00000000
vn 0.08715570 -0.99619500 0.00000000
vn 0.00000000 0.00000000 -1.00000000
vn 0.00000000 0.00000000 -1.00000000
vn 0.04361940 -0.99904800 0.00000000
vn 0.00000000 -1.00000000 0.00000000
vn 0.00000000 0.00000000 -1.00000000
vn 0.00000000 0.00000000 -1.00000000
vn -0.04361940 -0.99904800 0.00000000
vn -0.08715570 -0.99619500 0.00000000
vn 0.00000000 0.00000000 -1.00000000
vn -0.13052600 -0.99144500 0.00000000
vn 0.00000000 0.00000000 -1.00000000
vn -0.17364800 -0.98480800 0.00000000
vn 0.00000000 0.00000000 -1.00000000
vn -0.21644000 -0.97629600 0.00000000
vn 0.00000000 0.00000000 -1.00000000
vn -0.25881900 -0.96592600 0.00000000
vn 0.00000000 0.00000000 -1.00000000
vn -0.30070600 -0.95371700 0.00000000
vn 0.00000000 0.00000000 -1.00000000
vn 0.00000000 0.00000000 -1.00000000
vn -0.34202000 -0.93969300 0.00000000
vn -0.38268300 -0.92388000 0.00000000
vn 0.00000000 0.00000000 -1.00000000
vn 0.00000000 0.00000000 -1.00000000
vn -0.42261800 -0.90630800 0.00000000
vn -0.46174900 -0.88701100 0.00000000
vn 0.00000000 0.00000000 -1.00000000
vn 0.00000000 0.00000000 -1.00000000
vn -0.50000000 -0.86602500 0.00000000
vn 0.00000000 0.00000000 -1.00000000
vn -0.53730000 -0.84339100 0.00000000
vn -0.57357600 -0.81915200 0.00000000
vn 0.00000000 0.00000000 -1.00000000
vn -0.60876100 -0.79335300 0.00000000
vn 0.00000000 0.00000000 -1.00000000
vn -0.64278800 -0.76604400 0.00000000
vn 0.00000000 0.00000000 -1.00000000
vn 0.00000000 0.00000000 -1.00000000
vn -0.67559000 -0.73727700 0.00000000
vn -0.70710700 -0.70710700 0.00000000
vn 0.00000000 0.00000000 -1.00000000
vn -0.73727700 -0.67559000 0.00000000
vn 0.00000000 0.00000000 -1.00000000
vn 0.00000000 0.00000000 -1.00000000
vn -0.76604400 -0.64278800 0.00000000
vn -0.79335300 -0.60876100 0.00000000
vn 0.00000000 0.00000000 -1.00000000
vn -0.81915200 -0.57357600 0.00000000
vn 0.00000000 0.00000000 -1.00000000
vn -0.84339100 -0.53730000 0.00000000
vn 0.00000000 0.00000000 -1.00000000
vn -0.86602500 -0.50000000 0.00000000
vn 0.00000000 0.00000000 -1.00000000
vn -0.88701100 -0.46174900 0.00000000
vn 0.00000000 0.00000000 -1.00000000
vn 0.00000000 0.00000000 -1.00000000
vn -0.90630800 -0.42261800 0.00000000
vn 0.00000000 0.00000000 -1.00000000
vn -0.92388000 -0.38268300 0.00000000
vn -0.93969300 -0.34202000 0.00000000
vn 0.00000000 0.00000000 -1.00000000
vn -0.95371700 -0.30070600 0.00000000
vn 0.00000000 0.00000000 -1.00000000
vn 0.00000000 0.00000000 -1.00000000
vn -0.96592600 -0.25881900 0.00000000
vn -0.97629600 -0.21644000 0.00000000
vn 0.00000000 0.00000000 -1.00000000
vn -0.98480800 -0.17364800 0.00000000
vn 0.00000000 0.00000000 -1.00000000
vn -0.99144500 -0.13052600 0.00000000
vn 0.00000000 0.00000000 -1.00000000
vn -0.99619500 -0.08715570 0.00000000
vn 0.00000000 0.00000000 -1.00000000
vn -0.99904800 -0.04361940 0.00000000
vn 0.00000000 0.00000000 -1.00000000
vn 0.00000000 0.00000000 -1.00000000
vn -0.40211700 0.36847300 -0.83817000
vn 0.00000000 0.00000000 -1.00000000
vn -0.38566200 0.38566200 -0.83817000
vn 0.00000000 0.00000000 -1.00000000
vn -0.36847300 0.40211700 -0.83817000
vn -0.35058200 0.41780700 -0.83817000
vn 0.00000000 0.00000000 -1.00000000
vn 0.00000000 0.00000000 -1.00000000
vn 0.52016500 -0.16400800 -0.83817000
vn 0.52682400 -0.14116200 -0.83817000
vn 0.00000000 0.00000000 -1.00000000
vn 0.00000000 0.00000000 -1.00000000
vn 0.51251600 -0.18654100 -0.83817000
vn 0.50389200 -0.20871900 -0.83817000
vn 0.00000000 0.00000000 -1.00000000
vn 0.00000000 0.00000000 -1.00000000
vn 0.49430800 -0.23050000 -0.83817000
vn -0.31283400 0.44677300 -0.83817000
vn 0.00000000 0.00000000 -1.00000000
vn -0.29304800 0.45999300 -0.83817000
vn 0.00000000 0.00000000 -1.00000000
vn 0.04753550 -0.54333300 -0.83817000
vn 0.00000000 0.00000000 -1.00000000
vn 0.00000000 0.00000000 -1.00000000
vn 0.02379040 -0.54489000 -0.83817000
vn -0.33202400 0.43270200 -0.83817000
vn 0.00000000 0.00000000 -1.00000000
vn 0.00000000 0.00000000 -1.00000000
vn -0.27270400 0.47233800 -0.83817000
vn 0.00000000 0.00000000 -1.00000000
vn -0.04753550 0.54333300 -0.83817000
vn -0.02379040 0.54489000 -0.83817000
vn 0.00000000 0.00000000 -1.00000000
vn 0.00000000 0.00000000 -1.00000000
vn 0.53248000 -0.11804800 -0.83817000
vn 0.00000000 0.00000000 -1.00000000
vn 0.48378300 -0.25184200 -0.83817000
vn 0.00000000 0.00000000 -1.00000000
vn 0.47233800 -0.27270400 -0.83817000
vn 0.00000000 0.00000000 -1.00000000
vn 0.45999300 -0.29304800 -0.83817000
vn 0.00000000 0.00000000 -1.00000000
vn 0.44677300 -0.31283400 -0.83817000
vn 0.00000000 0.00000000 -1.00000000
vn 0.43270200 -0.33202400 -0.83817000
vn 0.41780700 -0.35058200 -0.83817000
vn 0.00000000 0.00000000 -1.00000000
vn 0.00000000 -0.54540900 -0.83817000
vn 0.00000000 0.00000000 -1.00000000
vn -0.43270200 0.33202400 -0.83817000
vn 0.00000000 0.00000000 -1.00000000
vn -0.41780700 0.35058200 -0.83817000
vn 0.00000000 0.00000000 -1.00000000
vn 0.00000000 0.00000000 -1.00000000
vn -0.16400800 0.52016500 -0.83817000
vn -0.14116200 0.52682400 -0.83817000
vn 0.00000000 0.00000000 -1.00000000
vn 0.00000000 0.00000000 -1.00000000
vn -0.00000000 0.54540900 -0.83817000
vn 0.00000000 0.00000000 -1.00000000
vn 0.38566200 0.38566200 -0.83817000
vn 0.00000000 0.00000000 -1.00000000
vn 0.40211700 0.36847300 -0.83817000
vn 0.00000000 0.00000000 -1.00000000
vn 0.38566200 -0.38566200 -0.83817000
vn 0.40211700 -0.36847300 -0.83817000
vn 0.00000000 0.00000000 -1.00000000
vn 0.00000000 0.00000000 -1.00000000
vn 0.36847300 -0.40211700 -0.83817000
vn -0.02379040 -0.54489000 -0.83817000
vn 0.00000000 0.00000000 -1.00000000
vn -0.11804800 -0.53248000 -0.83817000
vn 0.00000000 0.00000000 -1.00000000
vn -0.14116200 -0.52682400 -0.83817000
vn 0.00000000 0.00000000 -1.00000000
vn -0.25184200 0.48378300 -0.83817000
vn 0.00000000 0.00000000 -1.00000000
vn 0.00000000 0.00000000 -1.00000000
vn -0.23050000 0.49430800 -0.83817000
vn 0.00000000 0.00000000 -1.00000000
vn -0.20871900 0.50389200 -0.83817000
vn -0.18654100 0.51251600 -0.83817000
vn 0.00000000 0.00000000 -1.00000000
vn -0.11804800 0.53248000 -0.83817000
vn 0.00000000 0.00000000 -1.00000000
vn 0.00000000 0.00000000 -1.00000000
vn -0.09470920 0.53712300 -0.83817000
vn -0.07119010 0.54074300 -0.83817000
vn 0.00000000 0.00000000 -1.00000000
vn 0.02379040 0.54489000 -0.83817000
vn 0.00000000 0.00000000 -1.00000000
vn 0.00000000 0.00000000 -1.00000000
vn 0.04753550 0.54333300 -0.83817000
vn 0.07119010 0.54074300 -0.83817000
vn 0.00000000 0.00000000 -1.00000000
vn 0.00000000 0.00000000 -1.00000000
vn 0.09470920 0.53712300 -0.83817000
vn 0.11804800 0.53248000 -0.83817000
vn 0.00000000 0.00000000 -1.00000000
vn 0.41780700 0.35058200 -0.83817000
vn 0.00000000 0.00000000 -1.00000000
vn 0.43270200 0.33202400 -0.83817000
vn 0.00000000 0.00000000 -1.00000000
vn 0.44677300 0.31283400 -0.83817000
vn 0.00000000 0.00000000 -1.00000000
vn 0.35058200 -0.41780700 -0.83817000
vn 0.00000000 0.00000000 -1.00000000
vn 0.33202400 -0.43270200 -0.83817000
vn 0.00000000 0.00000000 -1.00000000
vn 0.25184200 -0.48378300 -0.83817000
vn 0.00000000 0.00000000 -1.00000000
vn 0.00000000 0.00000000 -1.00000000
vn 0.27270400 -0.47233800 -0.83817000
vn 0.00000000 0.00000000 -1.00000000
vn 0.23050000 -0.49430800 -0.83817000
vn 0.00000000 0.00000000 -1.00000000
vn 0.07119010 -0.54074300 -0.83817000
vn -0.04753550 -0.54333300 -0.83817000
vn 0.00000000 0.00000000 -1.00000000
vn -0.07119010 -0.54074300 -0.83817000
vn 0.00000000 0.00000000 -1.00000000
vn -0.09470920 -0.53712300 -0.83817000
vn 0.00000000 0.00000000 -1.00000000
vn 0.20871900 0.50389200 -0.83817000
vn 0.00000000 0.00000000 -1.00000000
vn 0.23050000 0.49430800 -0.83817000
vn 0.00000000 0.00000000 -1.00000000
vn 0.00000000 0.00000000 -1.00000000
vn 0.25184200 0.48378300 -0.83817000
vn 0.00000000 0.00000000 -1.00000000
vn 0.27270400 0.47233800 -0.83817000
vn 0.00000000 0.00000000 -1.00000000
vn 0.33202400 0.43270200 -0.83817000
vn 0.00000000 0.00000000 -1.00000000
vn 0.35058200 0.41780700 -0.83817000
vn 0.45999300 0.29304800 -0.83817000
vn 0.00000000 0.00000000 -1.00000000
vn 0.00000000 0.00000000 -1.00000000
vn 0.47233800 0.27270400 -0.83817000
vn 0.52016500 0.16400800 -0.83817000
vn 0.00000000 0.00000000 -1.00000000
vn 0.00000000 0.00000000 -1.00000000
vn 0.52682400 0.14116200 -0.83817000
vn 0.00000000 0.00000000 -1.00000000
vn 0.53712300 -0.09470920 -0.83817000
vn 0.54074300 -0.07119010 -0.83817000
vn 0.00000000 0.00000000 -1.00000000
vn 0.00000000 0.00000000 -1.00000000
vn 0.31283400 -0.44677300 -0.83817000
vn 0.00000000 0.00000000 -1.00000000
vn 0.29304800 -0.45999300 -0.83817000
vn 0.00000000 0.00000000 -1.00000000
vn 0.20871900 -0.50389200 -0.83817000
vn 0.11804800 -0.53248000 -0.83817000
vn 0.00000000 0.00000000 -1.00000000
vn 0.00000000 0.00000000 -1.00000000
vn 0.14116200 -0.52682400 -0.83817000
vn 0.09470920 -0.53712300 -0.83817000
vn 0.00000000 0.00000000 -1.00000000
vn -0.16400800 -0.52016500 -0.83817000
vn 0.00000000 0.00000000 -1.00000000
vn 0.00000000 0.00000000 -1.00000000
vn -0.18654100 -0.51251600 -0.83817000
vn 0.00000000 0.00000000 -1.00000000
vn -0.20871900 -0.50389200 -0.83817000
vn 0.00000000 0.00000000 -1.00000000
vn -0.23050000 -0.49430800 -0.83817000
vn 0.00000000 0.00000000 -1.00000000
vn -0.25184200 -0.48378300 -0.83817000
vn -0.54074300 -0.07119010 -0.83817000
vn 0.00000000 0.00000000 -1.00000000
vn 0.00000000 0.00000000 -1.00000000
vn -0.54333300 -0.04753550 -0.83817000
vn 0.16400800 0.52016500 -0.83817000
vn 0.00000000 0.00000000 -1.00000000
vn 0.00000000 0.00000000 -1.00000000
vn 0.18654100 0.51251600 -0.83817000
vn 0.00000000 0.00000000 -1.00000000
vn 0.29304800 0.45999300 -0.83817000
vn 0.31283400 0.44677300 -0.83817000
vn 0.00000000 0.00000000 -1.00000000
vn 0.00000000 0.00000000 -1.00000000
vn 0.36847300 0.40211700 -0.83817000
vn 0.53248000 0.11804800 -0.83817000
vn 0.00000000 0.00000000 -1.00000000
vn 0.00000000 0.00000000 -1.00000000
vn 0.54489000 -0.02379040 -0.83817000
vn 0.00000000 0.00000000 -1.00000000
vn 0.54333300 -0.04753550 -0.83817000
vn 0.00000000 0.00000000 -1.00000000
vn 0.18654100 -0.51251600 -0.83817000
vn 0.00000000 0.00000000 -1.00000000
vn 0.16400800 -0.52016500 -0.83817000
vn -0.27270400 -0.47233800 -0.83817000
vn 0.00000000 0.00000000 -1.00000000
vn -0.38566200 -0.38566200 -0.83817000
vn 0.00000000 0.00000000 -1.00000000
vn 0.00000000 0.00000000 -1.00000000
vn -0.40211700 -0.36847300 -0.83817000
vn 0.00000000 0.00000000 -1.00000000
vn -0.41780700 -0.35058200 -0.83817000
vn -0.43270200 -0.33202400 -0.83817000
vn 0.00000000 0.00000000 -1.00000000
vn 0.00000000 0.00000000 -1.00000000
vn -0.48378300 -0.25184200 -0.83817000
vn 0.00000000 0.00000000 -1.00000000
vn -0.49430800 -0.23050000 -0.83817000
vn -0.50389200 -0.20871900 -0.83817000
vn 0.00000000 0.00000000 -1.00000000
vn -0.51251600 -0.18654100 -0.83817000
vn 0.00000000 0.00000000 -1.00000000
vn 0.00000000 0.00000000 -1.00000000
vn -0.54489000 -0.02379040 -0.83817000
vn -0.45999300 0.29304800 -0.83817000
vn 0.00000000 0.00000000 -1.00000000
vn -0.44677300 0.31283400 -0.83817000
vn 0.00000000 0.00000000 -1.00000000
vn 0.00000000 0.00000000 -1.00000000
vn 0.14116200 0.52682400 -0.83817000
vn 0.50389200 0.20871900 -0.83817000
vn 0.00000000 0.00000000 -1.00000000
vn 0.51251600 0.18654100 -0.83817000
vn 0.00000000 0.00000000 -1.00000000
vn 0.53712300 0.09470920 -0.83817000
vn 0.00000000 0.00000000 -1.00000000
vn -0.29304800 -0.45999300 -0.83817000
vn 0.00000000 0.00000000 -1.00000000
vn -0.35058200 -0.41780700 -0.83817000
vn 0.00000000 0.00000000 -1.00000000
vn -0.36847300 -0.40211700 -0.83817000
vn 0.00000000 0.00000000 -1.00000000
vn -0.44677300 -0.31283400 -0.83817000
vn 0.00000000 0.00000000 -1.00000000
vn -0.45999300 -0.29304800 -0.83817000
vn 0.00000000 0.00000000 -1.00000000
vn -0.47233800 -0.27270400 -0.83817000
vn 0.00000000 0.00000000 -1.00000000
vn 0.00000000 0.00000000 -1.00000000
vn -0.52016500 -0.16400800 -0.83817000
vn 0.00000000 0.00000000 -1.00000000
vn -0.53248000 -0.11804800 -0.83817000
vn 0.00000000 0.00000000 -1.00000000
vn -0.53712300 -0.09470920 -0.83817000
vn -0.54540900 -0.00000000 -0.83817000
vn 0.00000000 0.00000000 -1.00000000
vn 0.00000000 0.00000000 -1.00000000
vn -0.54489000 0.02379040 -0.83817000
vn -0.54333300 0.04753550 -0.83817000
vn 0.00000000 0.00000000 -1.00000000
vn -0.53248000 0.11804800 -0.83817000
vn 0.00000000 0.00000000 -1.00000000
vn -0.52682400 0.14116200 -0.83817000
vn 0.00000000 0.00000000 -1.00000000
vn 0.00000000 0.00000000 -1.00000000
vn -0.52016500 0.16400800 -0.83817000
vn -0.51251600 0.18654100 -0.83817000
vn 0.00000000 0.00000000 -1.00000000
vn 0.00000000 0.00000000 -1.00000000
vn -0.47233800 0.27270400 -0.83817000
vn 0.54074300 0.07119010 -0.83817000
vn 0.00000000 0.00000000 -1.00000000
vn 0.54333300 0.04753550 -0.83817000
vn 0.00000000 0.00000000 -1.00000000
vn 0.00000000 0.00000000 -1.00000000
vn -0.31283400 -0.44677300 -0.83817000
vn 0.00000000 0.00000000 -1.00000000
vn -0.33202400 -0.43270200 -0.83817000
vn 0.00000000 0.00000000 -1.00000000
vn -0.52682400 -0.14116200 -0.83817000
vn -0.54074300 0.07119010 -0.83817000
vn 0.00000000 0.00000000 -1.00000000
vn -0.53712300 0.09470920 -0.83817000
vn 0.00000000 0.00000000 -1.00000000
vn -0.50389200 0.20871900 -0.83817000
vn 0.00000000 0.00000000 -1.00000000
vn 0.00000000 0.00000000 -1.00000000
vn -0.49430800 0.23050000 -0.83817000
vn 0.00000000 0.00000000 -1.00000000
vn -0.48378300 0.25184200 -0.83817000
vn 0.48378300 0.25184200 -0.83817000
vn 0.00000000 0.00000000 -1.00000000
vn 0.00000000 0.00000000 -1.00000000
vn 0.49430800 0.23050000 -0.83817000
vn 0.00000000 0.00000000 -1.00000000
vn 0.54489000 0.02379040 -0.83817000
vn 0.54540900 0.00000000 -0.83817000
vn 0.00000000 0.00000000 -1.00000000
f 1//1 4//4 6//6
f 8//8 1//1 9//9
f 11//11 8//8 14//14
f 16//16 11//11 18//18
f 19//19 16//16 21//21
f 23//23 19//19 26//26
f 28//28 23//23 29//29
f 32//32 28//28 33//33
f 36//36 32//32 38//38
f 39//39 36//36 41//41
f 43//43 39//39 45//45
f 47//47 43//43 49//49
f 52//52 47//47 54//54
f 55//55 52//52 57//57
f 59//59 55//55 61//61
f 64//64 59//59 66//66
f 67//67 64//64 70//70
f 71//71 67//67 73//73
f 76//76 71//71 78//78
f 79//79 76//76 82//82
f 83//83 79//79 85//85
f 87//87 83//83 89//89
f 91//91 87//87 93//93
f 96//96 91//91 98//98
f 100//100 96//96 102//102
f 104//104 100//100 106//106
f 107//107 104//104 110//110
f 111//111 107//107 114//114
f 115//115 111//111 118//118
f 120//120 115//115 122//122
f 124//124 120//120 125//125
f 128//128 124//124 129//129
f 132//132 128//128 133//133
f 135//135 132//132 138//138
f 139//139 135//135 142//142
f 144//144 139//139 146//146
f 147//147 144//144 150//150
f 151//151 147//147 153//153
f 156//156 151//151 158//158
f 160//160 156//156 161//161
f 163//163 160//160 165//165
f 167//167 163//163 169//169
f 172//172 167//167 174//174
f 175//175 172//172 178//178
f 180//180 175//175 182//182
f 183//183 180//180 185//185
f 188//188 183//183 189//189
f 191//191 188//188 194//194
f 195//195 191//191 198//198
f 199//199 195//195 201//201
f 204//204 199//199 205//205
f 208//208 204//204 209//209
f 211//211 208//208 213//213
f 216//216 211//211 218//218
f 220//220 216//216 222//222
f 224//224 220//220 226//226
f 228//228 224//224 230//230
f 231//231 228//228 233//233
f 236//236 231//231 238//238
f 239//239 236//236 241//241
f 243//243 239//239 245//245
f 248//248 243//243 249//249
f 251//251 248//248 253//253
f 256//256 251//251 257//257
f 259//259 256//256 261//261
f 263//263 259//259 265//265
f 267//267 263//263 270//270
f 272//272 267//267 273//273
f 276//276 272//272 278//278
f 279//279 276//276 281//281
f 284//284 279//279 286//286
f 287//287 284//284 290//290
f 291//291 287//287 293//293
f 295//295 291//291 297//297
f 300//300 295//295 301//301
f 304//304 300//300 306//306
f 307//307 304//304 309//309
f 311//311 307//307 313//313
f 315//315 311//311 318//318
f 319//319 315//315 321//321
f 324//324 319//319 325//325
f 327//327 324//324 329//329
f 331//331 327//327 334//334
f 336//336 331//331 338//338
f 340//340 336//336 341//341
f 343//343 340//340 345//345
f 348//348 343//343 350//350
f 352//352 348//348 354//354
f 355//355 352//352 357//357
f 359//359 355//355 361//361
f 364//364 359//359 365//365
f 368//368 364//364 369//369
f 371//371 368//368 374//374
f 376//376 371//371 378//378
f 379//379 376//376 381//381
f 383//383 379//379 385//385
f 388//388 383//383 389//389
f 392//392 388//388 393//393
f 396//396 392//392 398//398
f 399//399 396//396 401//401
f 403//403 399//399 405//405
f 407//407 403//403 409//409
f 411//411 407//407 414//414
f 416//416 411//411 417//417
f 419//419 416//416 422//422
f 423//423 419//419 426//426
f 427//427 423//423 430//430
f 431//431 427//427 433//433
f 435//435 431//431 437//437
f 439//439 435//435 442//442
f 443//443 439//439 445//445
f 447//447 443//443 450//450
f 451//451 447//447 453//453
f 455//455 451//451 457//457
f 459//459 455//455 461//461
f 464//464 459//459 466//466
f 468//468 464//464 470//470
f 472//472 468//468 474//474
f 475//475 472//472 477//477
f 480//480 475//475 482//482
f 483//483 480//480 486//486
f 487//487 483//483 490//490
f 491//491 487//487 494//494
f 495//495 491//491 497//497
f 500//500 495//495 501//501
f 504//504 500//500 506//506
f 507//507 504//504 510//510
f 512//512 507//507 514//514
f 515//515 512//512 518//518
f 519//519 515//515 521//521
f 523//523 519//519 526//526
f 527//527 523//523 530//530
f 532//532 527//527 533//533
f 535//535 532//532 537//537
f 539//539 535//535 541//541
f 544//544 539//539 545//545
f 548//548 544//544 550//550
f 551//551 548//548 554//554
f 556//556 551//551 557//557
f 560//560 556//556 562//562
f 563//563 560//560 566//566
f 567//567 563//563 570//570
f 572//572 567//567 573//573
f 4//4 572//572 575//575
f 575//575 6//6 4//4
f 573//573 575//575 572//572
f 570//570 573//573 567//567
f 566//566 570//570 563//563
f 562//562 566//566 560//560
f 557//557 562//562 556//556
f 554//554 557//557 551//551
f 550//550 554//554 548//548
f 545//545 550//550 544//544
f 541//541 545//545 539//539
f 537//537 541//541 535//535
f 533//533 537//537 532//532
f 530//530 533//533 527//527
f 526//526 530//530 523//523
f 521//521 526//526 519//519
f 518//518 521//521 515//515
f 514//514 518//518 512//512
f 510//510 514//514 507//507
f 506//506 510//510 504//504
f 501//501 506//506 500//500
f 497//497 501//501 495//495
f 494//494 497//497 491//491
f 490//490 494//494 487//487
f 486//486 490//490 483//483
f 482//482 486//486 480//480
f 477//477 482//482 475//475
f 474//474 477//477 472//472
f 470//470 474//474 468//468
f 466//466 470//470 464//464
f 461//461 466//466 459//459
f 457//457 461//461 455//455
f 453//453 457//457 451//451
f 450//450 453//453 447//447
f 445//445 450//450 443//443
f 442//442 445//445 439//439
f 437//437 442//442 435//435
f 433//433 437//437 431//431
f 430//430 433//433 427//427
f 426//426 430//430 423//423
f 422//422 426//426 419//419
f 417//417 422//422 416//416
f 414//414 417//417 411//411
f 409//409 414//414 407//407
f 405//405 409//409 403//403
f 401//401 405//405 399//399
f 398//398 401//401 396//396
f 393//393 398//398 392//392
f 389//389 393//393 388//388
f 385//385 389//389 383//383
f 381//381 385//385 379//379
f 378//378 381//381 376//376
f 374//374 378//378 371//371
f 369//369 374//374 368//368
f 365//365 369//369 364//364
f 361//361 365//365 359//359
f 357//357 361//361 355//355
f 354//354 357//357 352//352
f 350//350 354//354 348//348
f 345//345 350//350 343//343
f 341//341 345//345 340//340
f 338//338 341//341 336//336
f 334//334 338//338 331//331
f 329//329 334//334 327//327
f 325//325 329//329 324//324
f 321//321 325//325 319//319
f 318//318 321//321 315//315
f 313//313 318//318 311//311
f 309//309 313//313 307//307
f 306//306 309//309 304//304
f 301//301 306//306 300//300
f 297//297 301//301 295//295
f 293//293 297//297 291//291
f 290//290 293//293 287//287
f 286//286 290//290 284//284
f 281//281 286//286 279//279
f 278//278 281//281 276//276
f 273//273 278//278 272//272
f 270//270 273//273 267//267
f 265//265 270//270 263//263
f 261//261 265//265 259//259
f 257//257 261//261 256//256
f 253//253 257//257 251//251
f 249//249 253//253 248//248
f 245//245 249//249 243//243
f 241//241 245//245 239//239
f 238//238 241//241 236//236
f 233//233 238//238 231//231
f 230//230 233//233 228//228
f 226//226 230//230 224//224
f 222//222 226//226 220//220
f 218//218 222//222 216//216
f 213//213 218//218 211//211
f 209//209 213//213 208//208
f 205//205 209//209 204//204
f 201//201 205//205 199//199
f 198//198 201//201 195//195
f 194//194 198//198 191//191
f 189//189 194//194 188//188
f 185//185 189//189 183//183
f 182//182 185//185 180//180
f 178//178 182//182 175//175
f 174//174 178//178 172//172
f 169//169 174//174 167//167
f 165//165 169//169 163//163
f 161//161 165//165 160//160
f 158//158 161//161 156//156
f 153//153 158//158 151//151
f 150//150 153//153 147//147
f 146//146 150//150 144//144
f 142//142 146//146 139//139
f 138//138 142//142 135//135
f 133//133 138//138 132//132
f 129//129 133//133 128//128
f 125//125 129//129 124//124
f 122//122 125//125 120//120
f 118//118 122//122 115//115
f 114//114 118//118 111//111
f 110//110 114//114 107//107
f 106//106 110//110 104//104
f 102//102 106//106 100//100
f 98//98 102//102 96//96
f 93//93 98//98 91//91
f 89//89 93//93 87//87
f 85//85 89//89 83//83
f 82//82 85//85 79//79
f 78//78 82//82 76//76
f 73//73 78//78 71//71
f 70//70 73//73 67//67
f 66//66 70//70 64//64
f 61//61 66//66 59//59
f 57//57 61//61 55//55
f 54//54 57//57 52//52
f 49//49 54//54 47//47
f 45//45 49//49 43//43
f 41//41 45//45 39//39
f 38//38 41//41 36//36
f 33//33 38//38 32//32
f 29//29 33//33 28//28
f 26//26 29//29 23//23
f 21//21 26//26 19//19
f 18//18 21//21 16//16
f 14//14 18//18 11//11
f 9//9 14//14 8//8
f 6//6 9//9 1//1
f 578//578 553//553 549//549
f 578//578 580//580 558//558
f 558//558 553//553 578//578
f 580//580 581//581 561//561
f 584//584 538//538 534//534
f 584//584 585//585 542//542
f 588//588 549//549 546//546
f 561//561 558//558 580//580
f 589//589 465//465 462//462
f 589//589 592//592 469//469
f 594//594 481//481 478//478
f 594//594 596//596 485//485
f 598//598 493//493 489//489
f 598//598 600//600 498//498
f 601//601 534//534 529//529
f 542//542 538//538 584//584
f 603//603 546//546 542//542
f 549//549 588//588 578//578
f 605//605 429//429 425//425
f 605//605 608//608 434//434
f 610//610 438//438 434//434
f 610//610 612//612 441//441
f 613//613 446//446 441//441
f 613//613 616//616 449//449
f 617//617 454//454 449//449
f 617//617 620//620 458//458
f 622//622 462//462 458//458
f 469//469 465//465 589//589
f 592//592 624//624 473//473
f 624//624 626//626 478//478
f 485//485 481//481 594//594
f 596//596 627//627 489//489
f 498//498 493//493 598//598
f 600//600 630//630 502//502
f 631//631 517//517 513//513
f 631//631 633//633 522//522
f 635//635 525//525 522//522
f 635//635 637//637 529//529
f 534//534 601//601 584//584
f 546//546 603//603 588//588
f 639//639 5//5 576//576
f 641//641 10//10 5//5
f 644//644 13//13 10//10
f 644//644 645//645 17//17
f 648//648 25//25 22//22
f 648//648 650//650 30//30
f 651//651 37//37 34//34
f 651//651 654//654 42//42
f 655//655 658//658 50//50
f 658//658 659//659 53//53
f 662//662 664//664 117//117
f 664//664 666//666 121//121
f 434//434 429//429 605//605
f 441//441 438//438 610//610
f 449//449 446//446 613//613
f 458//458 454//454 617//617
f 462//462 622//622 589//589
f 478//478 473//473 624//624
f 489//489 485//485 596//596
f 502//502 498//498 600//600
f 667//667 513//513 509//509
f 522//522 517//517 631//631
f 529//529 525//525 635//635
f 542//542 585//585 603//603
f 5//5 639//639 641//641
f 17//17 13//13 644//644
f 670//670 22//22 17//17
f 30//30 25//25 648//648
f 672//672 34//34 30//30
f 42//42 37//37 651//651
f 655//655 46//46 42//42
f 53//53 50//50 658//658
f 674//674 69//69 65//65
f 674//674 676//676 74//74
f 121//121 117//117 664//664
f 666//666 678//678 126//126
f 679//679 406//406 402//402
f 679//679 681//681 410//410
f 434//434 608//608 610//610
f 449//449 616//616 617//617
f 473//473 469//469 592//592
f 489//489 627//627 598//598
f 683//683 505//505 502//502
f 683//683 685//685 509//509
f 513//513 667//667 631//631
f 529//529 637//637 601//601
f 10//10 641//641 644//644
f 22//22 670//670 648//648
f 34//34 672//672 651//651
f 50//50 46//46 655//655
f 688//688 58//58 53//53
f 688//688 690//690 62//62
f 692//692 65//65 62//62
f 74//74 69//69 674//674
f 694//694 101//101 97//97
f 694//694 695//695 105//105
f 126//126 121//121 666//666
f 678//678 698//698 130//130
f 699//699 382//382 377//377
f 699//699 701//701 386//386
f 703//703 402//402 397//397
f 410//410 406//406 679//679
f 441//441 612//612 613//613
f 478//478 626//626 594//594
f 509//509 505//505 683//683
f 522//522 633//633 635//635
f 706//706 565//565 561//561
f 706//706 708//708 569//569
f 710//710 574//574 569//569
f 710//710 712//712 576//576
f 17//17 645//645 670//670
f 42//42 654//654 655//655
f 62//62 58//58 688//688
f 65//65 692//692 674//674
f 713//713 90//90 86//86
f 713//713 716//716 94//94
f 105//105 101//101 694//694
f 717//717 109//109 105//105
f 662//662 113//113 109//109
f 130//130 126//126 678//678
f 386//386 382//382 699//699
f 701//701 720//720 390//390
f 722//722 397//397 394//394
f 402//402 703//703 679//679
f 723//723 413//413 410//410
f 723//723 726//726 418//418
f 728//728 421//421 418//418
f 728//728 730//730 425//425
f 458//458 620//620 622//622
f 509//509 685//685 667//667
f 569//569 565//565 706//706
f 576//576 574//574 710//710
f 30//30 650//650 672//672
f 62//62 690//690 692//692
f 731//731 77//77 74//74
f 731//731 733//733 81//81
f 94//94 90//90 713//713
f 716//716 736//736 97//97
f 105//105 695//695 717//717
f 117//117 113//113 662//662
f 738//738 370//370 366//366
f 738//738 740//740 373//373
f 390//390 386//386 701//701
f 720//720 742//742 394//394
f 397//397 722//722 703//703
f 418//418 413//413 723//723
f 425//425 421//421 728//728
f 502//502 630//630 683//683
f 569//569 708//708 710//710
f 53//53 659//659 688//688
f 81//81 77//77 731//731
f 733//733 744//744 86//86
f 97//97 94//94 716//716
f 109//109 717//717 662//662
f 745//745 154//154 149//149
f 745//745 747//747 157//157
f 749//749 186//186 181//181
f 751//751 190//190 186//186
f 753//753 358//358 353//353
f 753//753 755//755 362//362
f 373//373 370//370 738//738
f 740//740 758//758 377//377
f 394//394 390//390 720//720
f 410//410 681//681 723//723
f 425//425 730//730 605//605
f 576//576 712//712 639//639
f 86//86 81//81 733//733
f 97//97 736//736 694//694
f 759//759 149//149 145//145
f 157//157 154//154 745//745
f 762//762 166//166 162//162
f 762//762 763//763 170//170
f 186//186 749//749 751//751
f 751//751 766//766 193//193
f 767//767 206//206 202//202
f 767//767 769//769 210//210
f 772//772 337//337 333//333
f 772//772 774//774 342//342
f 776//776 346//346 342//342
f 776//776 778//778 349//349
f 362//362 358//358 753//753
f 755//755 780//780 366//366
f 377//377 373//373 740//740
f 394//394 742//742 722//722
f 561//561 581//581 706//706
f 86//86 744//744 713//713
f 149//149 759//759 745//745
f 747//747 781//781 162//162
f 170//170 166//166 762//762
f 763//763 784//784 173//173
f 193//193 190//190 751//751
f 766//766 785//785 197//197
f 210//210 206//206 767//767
f 769//769 788//788 214//214
f 342//342 337//337 772//772
f 349//349 346//346 776//776
f 778//778 789//789 353//353
f 366//366 362//362 755//755
f 377//377 758//758 699//699
f 74//74 676//676 731//731
f 792//792 134//134 130//130
f 792//792 793//793 137//137
f 162//162 157//157 747//747
f 173//173 170//170 763//763
f 796//796 177//177 173//173
f 796//796 797//797 181//181
f 197//197 193//193 766//766
f 799//799 202//202 197//197
f 214//214 210//210 769//769
f 801//801 217//217 214//214
f 804//804 254//254 250//250
f 804//804 806//806 258//258
f 342//342 774//774 776//776
f 353//353 789//789 753//753
f 418//418 726//726 728//728
f 137//137 134//134 792//792
f 807//807 141//141 137//137
f 807//807 809//809 145//145
f 162//162 781//781 762//762
f 181//181 177//177 796//796
f 197//197 785//785 799//799
f 214//214 788//788 801//801
f 812//812 221//221 217//217
f 812//812 813//813 225//225
f 815//815 229//229 225//225
f 815//815 817//817 234//234
f 258//258 254//254 804//804
f 806//806 819//819 262//262
f 821//821 266//266 262//262
f 821//821 824//824 269//269
f 353//353 349//349 778//778
f 130//130 698//698 792//792
f 145//145 141//141 807//807
f 173//173 784//784 796//796
f 202//202 799//799 767//767
f 225//225 221//221 812//812
f 234//234 229//229 815//815
f 817//817 826//826 237//237
f 827//827 250//250 246//246
f 262//262 258//258 806//806
f 269//269 266//266 821//821
f 824//824 830//830 274//274
f 831//831 322//322 317//317
f 831//831 833//833 326//326
f 835//835 330//330 326//326
f 835//835 838//838 333//333
f 366//366 780//780 738//738
f 145//145 809//809 759//759
f 217//217 801//801 812//812
f 237//237 234//234 817//817
f 839//839 242//242 237//237
f 839//839 842//842 246//246
f 250//250 827//827 804//804
f 274//274 269//269 824//824
f 326//326 322//322 831//831
f 333//333 330//330 835//835
f 137//137 793//793 807//807
f 225//225 813//813 815//815
f 246//246 242//242 839//839
f 262//262 819//819 821//821
f 843//843 277//277 274//274
f 843//843 845//845 282//282
f 847//847 285//285 282//282
f 847//847 849//849 289//289
f 851//851 305//305 302//302
f 851//851 853//853 310//310
f 855//855 314//314 310//310
f 855//855 857//857 317//317
f 326//326 833//833 835//835
f 181//181 797//797 749//749
f 246//246 842//842 827//827
f 282//282 277//277 843//843
f 289//289 285//285 847//847
f 859//859 294//294 289//289
f 862//862 302//302 298//298
f 310//310 305//305 851//851
f 317//317 314//314 855//855
f 333//333 838//838 772//772
f 274//274 830//830 843//843
f 289//289 849//849 859//859
f 859//859 864//864 298//298
f 302//302 862//862 851//851
f 317//317 857//857 831//831
f 282//282 845//845 847//847
f 298//298 864//864 862//862
f 237//237 826//826 839//839
f 310//310 853//853 855//855
f 298//298 294//294 859//859
f 865//865 640//640 711//711
f 867//867 711//711 709//709
f 869//869 709//709 707//707
f 871//871 707//707 705//705
f 873//873 705//705 582//582
f 876//876 582//582 579//579
f 877//877 579//579 577//577
f 879//879 577//577 587//587
f 881//881 587//587 604//604
f 884//884 604//604 586//586
f 886//886 586//586 583//583
f 887//887 583//583 602//602
f 889//889 602//602 638//638
f 891//891 638//638 636//636
f 893//893 636//636 634//634
f 896//896 634//634 632//632
f 897//897 632//632 668//668
f 899//899 668//668 686//686
f 901//901 686//686 684//684
f 904//904 684//684 629//629
f 906//906 629//629 599//599
f 908//908 599//599 597//597
f 910//910 597//597 628//628
f 912//912 628//628 595//595
f 914//914 595//595 593//593
f 916//916 593//593 625//625
f 917//917 625//625 623//623
f 919//919 623//623 591//591
f 921//921 591//591 590//590
f 924//924 590//590 621//621
f 926//926 621//621 619//619
f 928//928 619//619 618//618
f 930//930 618//618 615//615
f 932//932 615//615 614//614
f 933//933 614//614 611//611
f 936//936 611//611 609//609
f 937//937 609//609 607//607
f 939//939 607//607 606//606
f 941//941 606//606 729//729
f 943//943 729//729 727//727
f 945//945 727//727 725//725
f 947//947 725//725 724//724
f 950//950 724//724 682//682
f 952//952 682//682 680//680
f 954//954 680//680 704//704
f 956//956 704//704 721//721
f 957//957 721//721 741//741
f 959//959 741//741 719//719
f 961//961 719//719 702//702
f 963//963 702//702 700//700
f 965//965 700//700 757//757
f 967//967 757//757 739//739
f 970//970 739//739 737//737
f 971//971 737//737 779//779
f 974//974 779//779 756//756
f 975//975 756//756 754//754
f 977//977 754//754 790//790
f 979//979 790//790 777//777
f 981//981 777//777 775//775
f 984//984 775//775 773//773
f 985//985 773//773 771//771
f 988//988 771//771 837//837
f 990//990 837//837 836//836
f 992//992 836//836 834//834
f 993//993 834//834 832//832
f 996//996 832//832 858//858
f 997//997 858//858 856//856
f 1000//1000 856//856 854//854
f 1001//1001 854//854 852//852
f 1003//1003 852//852 861//861
f 1006//1006 861//861 863//863
f 1007//1007 863//863 860//860
f 1009//1009 860//860 850//850
f 1012//1012 850//850 848//848
f 1013//1013 848//848 846//846
f 1016//1016 846//846 844//844
f 1017//1017 844//844 829//829
f 1019//1019 829//829 823//823
f 1022//1022 823//823 822//822
f 1023//1023 822//822 820//820
f 1025//1025 820//820 805//805
f 1027//1027 805//805 803//803
f 1030//1030 803//803 828//828
f 1031//1031 828//828 841//841
f 1034//1034 841//841 840//840
f 1036//1036 840//840 825//825
f 1037//1037 825//825 818//818
f 1039//1039 818//818 816//816
f 1041//1041 816//816 814//814
f 1043//1043 814//814 811//811
f 1046//1046 811//811 802//802
f 1048//1048 802//802 787//787
f 1049//1049 787//787 770//770
f 1051//1051 770//770 768//768
f 1053//1053 768//768 800//800
f 1055//1055 800//800 786//786
f 1058//1058 786//786 765//765
f 1059//1059 765//765 752//752
f 1062//1062 752//752 750//750
f 1064//1064 750//750 798//798
f 1065//1065 798//798 795//795
f 1068//1068 795//795 783//783
f 1070//1070 783//783 764//764
f 1071//1071 764//764 761//761
f 1073//1073 761//761 782//782
f 1076//1076 782//782 748//748
f 1077//1077 748//748 746//746
f 1080//1080 746//746 760//760
f 1081//1081 760//760 810//810
f 1084//1084 810//810 808//808
f 1085//1085 808//808 794//794
f 1087//1087 794//794 791//791
f 1089//1089 791//791 697//697
f 1091//1091 697//697 677//677
f 1093//1093 677//677 665//665
f 1095//1095 665//665 663//663
f 1098//1098 663//663 661//661
f 1099//1099 661//661 718//718
f 1102//1102 718//718 696//696
f 1103//1103 696//696 693//693
f 1106//1106 693//693 735//735
f 1108//1108 735//735 715//715
f 1109//1109 715//715 714//714
f 1111//1111 714//714 743//743
f 1113//1113 743//743 734//734
f 1116//1116 734//734 732//732
f 1117//1117 732//732 675//675
f 1119//1119 675//675 673//673
f 1122//1122 673//673 691//691
f 1123//1123 691//691 689//689
f 1125//1125 689//689 687//687
f 1127//1127 687//687 660//660
f 1129//1129 660//660 657//657
f 1131//1131 657//657 656//656
f 1134//1134 656//656 653//653
f 1136//1136 653//653 652//652
f 1137//1137 652//652 671//671
f 1139//1139 671//671 649//649
f 1142//1142 649//649 647//647
f 1143//1143 647//647 669//669
f 1145//1145 669//669 646//646
f 1147//1147 646//646 643//643
f 1149//1149 643//643 642//642
f 1151//1151 642//642 640//640
f 640//640 865//865 1151//1151
f 642//642 1151//1151 1149//1149
f 643//643 1149//1149 1147//1147
f 646//646 1147//1147 1145//1145
f 669//669 1145//1145 1143//1143
f 647//647 1143//1143 1142//1142
f 649//649 1142//1142 1139//1139
f 671//671 1139//1139 1137//1137
f 652//652 1137//1137 1136//1136
f 653//653 1136//1136 1134//1134
f 656//656 1134//1134 1131//1131
f 657//657 1131//1131 1129//1129
f 660//660 1129//1129 1127//1127
f 687//687 1127//1127 1125//1125
f 689//689 1125//1125 1123//1123
f 691//691 1123//1123 1122//1122
f 673//673 1122//1122 1119//1119
f 675//675 1119//1119 1117//1117
f 732//732 1117//1117 1116//1116
f 734//734 1116//1116 1113//1113
f 743//743 1113//1113 1111//1111
f 714//714 1111//1111 1109//1109
f 715//715 1109//1109 1108//1108
f 735//735 1108//1108 1106//1106
f 693//693 1106//1106 1103//1103
f 696//696 1103//1103 1102//1102
f 718//718 1102//1102 1099//1099
f 661//661 1099//1099 1098//1098
f 663//663 1098//1098 1095//1095
f 665//665 1095//1095 1093//1093
f 677//677 1093//1093 1091//1091
f 697//697 1091//1091 1089//1089
f 791//791 1089//1089 1087//1087
f 794//794 1087//1087 1085//1085
f 808//808 1085//1085 1084//1084
f 810//810 1084//1084 1081//1081
f 760//760 1081//1081 1080//1080
f 746//746 1080//1080 1077//1077
f 748//748 1077//1077 1076//1076
f 782//782 1076//1076 1073//1073
f 761//761 1073//1073 1071//1071
f 764//764 1071//1071 1070//1070
f 783//783 1070//1070 1068//1068
f 795//795 1068//1068 1065//1065
f 798//798 1065//1065 1064//1064
f 750//750 1064//1064 1062//1062
f 752//752 1062//1062 1059//1059
f 765//765 1059//1059 1058//1058
f 786//786 1058//1058 1055//1055
f 800//800 1055//1055 1053//1053
f 768//768 1053//1053 1051//1051
f 770//770 1051//1051 1049//1049
f 787//787 1049//1049 1048//1048
f 802//802 1048//1048 1046//1046
f 811//811 1046//1046 1043//1043
f 814//814 1043//1043 1041//1041
f 816//816 1041//1041 1039//1039
f 818//818 1039//1039 1037//1037
f 825//825 1037//1037 1036//1036
f 840//840 1036//1036 1034//1034
f 841//841 1034//1034 1031//1031
f 828//828 1031//1031 1030//1030
f 803//803 1030//1030 1027//1027
f 805//805 1027//1027 1025//1025
f 820//820 1025//1025 1023//1023
f 822//822 1023//1023 1022//1022
f 823//823 1022//1022 1019//1019
f 829//829 1019//1019 1017//1017
f 844//844 1017//1017 1016//1016
f 846//846 1016//1016 1013//1013
f 848//848 1013//1013 1012//1012
f 850//850 1012//1012 1009//1009
f 860//860 1009//1009 1007//1007
f 863//863 1007//1007 1006//1006
f 861//861 1006//1006 1003//1003
f 852//852 1003//1003 1001//1001
f 854//854 1001//1001 1000//1000
f 856//856 1000//1000 997//997
f 858//858 997//997 996//996
f 832//832 996//996 993//993
f 834//834 993//993 992//992
f 836//836 992//992 990//990
f 837//837 990//990 988//988
f 771//771 988//988 985//985
f 773//773 985//985 984//984
f 775//775 984//984 981//981
f 777//777 981//981 979//979
f 790//790 979//979 977//977
f 754//754 977//977 975//975
f 756//756 975//975 974//974
f 779//779 974//974 971//971
f 737//737 971//971 970//970
f 739//739 970//970 967//967
f 757//757 967//967 965//965
f 700//700 965//965 963//963
f 702//702 963//963 961//961
f 719//719 961//961 959//959
f 741//741 959//959 957//957
f 721//721 957//957 956//956
f 704//704 956//956 954//954
f 680//680 954//954 952//952
f 682//682 952//952 950//950
f 724//724 950//950 947//947
f 725//725 947//947 945//945
f 727//727 945//945 943//943
f 729//729 943//943 941//941
f 606//606 941//941 939//939
f 607//607 939//939 937//937
f 609//609 937//937 936//936
f 611//611 936//936 933//933
f 614//614 933//933 932//932
f 615//615 932//932 930//930
f 618//618 930//930 928//928
f 619//619 928//928 926//926
f 621//621 926//926 924//924
f 590//590 924//924 921//921
f 591//591 921//921 919//919
f 623//623 919//919 917//917
f 625//625 917//917 916//916
f 593//593 916//916 914//914
f 595//595 914//914 912//912
f 628//628 912//912 910//910
f 597//597 910//910 908//908
f 599//599 908//908 906//906
f 629//629 906//906 904//904
f 684//684 904//904 901//901
f 686//686 901//901 899//899
f 668//668 899//899 897//897
f 632//632 897//897 896//896
f 634//634 896//896 893//893
f 636//636 893//893 891//891
f 638//638 891//891 889//889
f 602//602 889//889 887//887
f 583//583 887//887 886//886
f 586//586 886//886 884//884
f 604//604 884//884 881//881
f 587//587 881//881 879//879
f 577//577 879//879 877//877
f 579//579 877//877 876//876
f 582//582 876//876 873//873
f 705//705 873//873 871//871
f 707//707 871//871 869//869
f 709//709 869//869 867//867
f 711//711 867//867 865//865
f 1042//1042 1044//1044 1153//1153
f 1044//1044 1045//1045 1155//1155
f 1045//1045 1047//1047 1157//1157
f 1047//1047 1050//1050 1160//1160
f 880//880 1161//1161 1164//1164
f 880//880 882//882 1165//1165
f 883//883 1168//1168 1165//1165
f 883//883 885//885 1169//1169
f 1155//1155 1153//1153 1044//1044
f 1160//1160 1157//1157 1047//1047
f 1052//1052 1054//1054 1172//1172
f 1054//1054 1056//1056 1174//1174
f 1165//1165 1161//1161 880//880
f 1169//1169 1168//1168 883//883
f 931//931 934//934 1176//1176
f 934//934 935//935 1177//1177
f 1157//1157 1155//1155 1045//1045
f 1050//1050 1052//1052 1180//1180
f 1174//1174 1172//1172 1054//1054
f 1056//1056 1057//1057 1181//1181
f 1075//1075 1078//1078 1183//1183
f 1078//1078 1079//1079 1186//1186
f 878//878 1164//1164 1187//1187
f 1165//1165 882//882 883//883
f 888//888 1189//1189 1169//1169
f 888//888 890//890 1191//1191
f 892//892 1193//1193 1191//1191
f 892//892 894//894 1195//1195
f 895//895 1197//1197 1195//1195
f 895//895 898//898 1200//1200
f 1177//1177 1176//1176 934//934
f 935//935 938//938 1202//1202
f 1038//1038 1040//1040 1204//1204
f 1040//1040 1042//1042 1206//1206
f 1180//1180 1160//1160 1050//1050
f 1181//1181 1174//1174 1056//1056
f 1066//1066 1067//1067 1207//1207
f 1067//1067 1069//1069 1210//1210
f 1186//1186 1183//1183 1078//1078
f 1079//1079 1082//1082 1211//1211
f 1115//1115 1118//1118 1213//1213
f 1118//1118 1120//1120 1215//1215
f 1164//1164 878//878 880//880
f 1191//1191 1189//1189 888//888
f 1195//1195 1193//1193 892//892
f 1200//1200 1197//1197 895//895
f 902//902 1217//1217 1220//1220
f 902//902 903//903 1221//1221
f 1202//1202 1177//1177 935//935
f 938//938 940//940 1224//1224
f 946//946 948//948 1226//1226
f 948//948 949//949 1228//1228
f 1206//1206 1204//1204 1040//1040
f 1172//1172 1180//1180 1052//1052
f 1057//1057 1060//1060 1230//1230
f 1060//1060 1061//1061 1231//1231
f 1061//1061 1063//1063 1233//1233
f 1063//1063 1066//1066 1236//1236
f 1210//1210 1207//1207 1067//1067
f 1069//1069 1072//1072 1238//1238
f 1072//1072 1074//1074 1239//1239
f 1074//1074 1075//1075 1242//1242
f 1211//1211 1186//1186 1079//1079
f 1082//1082 1083//1083 1244//1244
f 1083//1083 1086//1086 1245//1245
f 1086//1086 1088//1088 1248//1248
f 1088//1088 1090//1090 1249//1249
f 1090//1090 1092//1092 1252//1252
f 1215//1215 1213//1213 1118//1118
f 1120//1120 1121//1121 1254//1254
f 1121//1121 1124//1124 1256//1256
f 1124//1124 1126//1126 1258//1258
f 1169//1169 885//885 888//888
f 1195//1195 894//894 895//895
f 898//898 900//900 1220//1220
f 1221//1221 1217//1217 902//902
f 905//905 1260//1260 1221//1221
f 905//905 907//907 1262//1262
f 915//915 1264//1264 1265//1265
f 915//915 918//918 1267//1267
f 929//929 931//931 1269//1269
f 1224//1224 1202//1202 938//938
f 940//940 942//942 1272//1272
f 942//942 944//944 1274//1274
f 944//944 946//946 1276//1276
f 1228//1228 1226//1226 948//948
f 1153//1153 1206//1206 1042//1042
f 1231//1231 1230//1230 1060//1060
f 1236//1236 1233//1233 1063//1063
f 1238//1238 1210//1210 1069//1069
f 1242//1242 1239//1239 1074//1074
f 1244//1244 1211//1211 1082//1082
f 1248//1248 1245//1245 1086//1086
f 1252//1252 1249//1249 1090//1090
f 1097//1097 1100//1100 1278//1278
f 1100//1100 1101//1101 1280//1280
f 1101//1101 1104//1104 1281//1281
f 1104//1104 1105//1105 1283//1283
f 1110//1110 1112//1112 1285//1285
f 1112//1112 1114//1114 1287//1287
f 1254//1254 1215//1215 1120//1120
f 1258//1258 1256//1256 1124//1124
f 1126//1126 1128//1128 1290//1290
f 1128//1128 1130//1130 1291//1291
f 1138//1138 1140//1140 1294//1294
f 1140//1140 1141//1141 1295//1295
f 874//874 1297//1297 1300//1300
f 874//874 875//875 1187//1187
f 1191//1191 890//890 892//892
f 1220//1220 900//900 902//902
f 1262//1262 1260//1260 905//905
f 907//907 909//909 1301//1301
f 911//911 1303//1303 1301//1301
f 911//911 913//913 1265//1265
f 1267//1267 1264//1264 915//915
f 918//918 920//920 1305//1305
f 927//927 1308//1308 1309//1309
f 927//927 929//929 1312//1312
f 1176//1176 1269//1269 931//931
f 1274//1274 1272//1272 942//942
f 1226//1226 1276//1276 946//946
f 949//949 951//951 1314//1314
f 951//951 953//953 1315//1315
f 953//953 955//955 1317//1317
f 958//958 1319//1319 1317//1317
f 958//958 960//960 1321//1321
f 1002//1002 1004//1004 1324//1324
f 1004//1004 1005//1005 1325//1325
f 1230//1230 1181//1181 1057//1057
f 1207//1207 1236//1236 1066//1066
f 1183//1183 1242//1242 1075//1075
f 1249//1249 1248//1248 1088//1088
f 1094//1094 1096//1096 1328//1328
f 1096//1096 1097//1097 1329//1329
f 1280//1280 1278//1278 1100//1100
f 1283//1283 1281//1281 1104//1104
f 1105//1105 1107//1107 1331//1331
f 1107//1107 1110//1110 1334//1334
f 1287//1287 1285//1285 1112//1112
f 1114//1114 1115//1115 1335//1335
f 1256//1256 1254//1254 1121//1121
f 1291//1291 1290//1290 1128//1128
f 1295//1295 1294//1294 1140//1140
f 1141//1141 1144//1144 1338//1338
f 866//866 868//868 1339//1339
f 870//870 1341//1341 1339//1339
f 872//872 1300//1300 1341//1341
f 1187//1187 1297//1297 874//874
f 1220//1220 1200//1200 898//898
f 1301//1301 1262//1262 907//907
f 1265//1265 1303//1303 911//911
f 1305//1305 1267//1267 918//918
f 922//922 1343//1343 1305//1305
f 922//922 923//923 1345//1345
f 1312//1312 1308//1308 927//927
f 1272//1272 1224//1224 940//940
f 1314//1314 1228//1228 949//949
f 1317//1317 1315//1315 953//953
f 1321//1321 1319//1319 958//958
f 960//960 962//962 1348//1348
f 972//972 973//973 1350//1350
f 973//973 976//976 1351//1351
f 976//976 978//978 1353//1353
f 978//978 980//980 1356//1356
f 986//986 987//987 1357//1357
f 987//987 989//989 1359//1359
f 989//989 991//991 1362//1362
f 991//991 994//994 1364//1364
f 1325//1325 1324//1324 1004//1004
f 1005//1005 1008//1008 1365//1365
f 1033//1033 1035//1035 1368//1368
f 1035//1035 1038//1038 1370//1370
f 1233//1233 1231//1231 1061//1061
f 1245//1245 1244//1244 1083//1083
f 1092//1092 1094//1094 1371//1371
f 1329//1329 1328//1328 1096//1096
f 1281//1281 1280//1280 1101//1101
f 1334//1334 1331//1331 1107//1107
f 1335//1335 1287//1287 1114//1114
f 1290//1290 1258//1258 1126//1126
f 1133//1133 1135//1135 1374//1374
f 1135//1135 1138//1138 1376//1376
f 1338//1338 1295//1295 1141//1141
f 1144//1144 1146//1146 1378//1378
f 1339//1339 868//868 870//870
f 1300//1300 872//872 874//874
f 1221//1221 903//903 905//905
f 1265//1265 913//913 915//915
f 1345//1345 1343//1343 922//922
f 923//923 925//925 1309//1309
f 1269//1269 1312//1312 929//929
f 1315//1315 1314//1314 951//951
f 1348//1348 1321//1321 960//960
f 962//962 964//964 1380//1380
f 968//968 969//969 1382//1382
f 969//969 972//972 1384//1384
f 1351//1351 1350//1350 973//973
f 1356//1356 1353//1353 978//978
f 980//980 982//982 1386//1386
f 982//982 983//983 1388//1388
f 983//983 986//986 1390//1390
f 1359//1359 1357//1357 987//987
f 1364//1364 1362//1362 991//991
f 994//994 995//995 1391//1391
f 998//998 999//999 1393//1393
f 999//999 1002//1002 1395//1395
f 1365//1365 1325//1325 1005//1005
f 1008//1008 1010//1010 1398//1398
f 1010//1010 1011//1011 1399//1399
f 1011//1011 1014//1014 1402//1402
f 1018//1018 1020//1020 1404//1404
f 1020//1020 1021//1021 1406//1406
f 1021//1021 1024//1024 1407//1407
f 1024//1024 1026//1026 1410//1410
f 1032//1032 1033//1033 1411//1411
f 1370//1370 1368//1368 1035//1035
f 1239//1239 1238//1238 1072//1072
f 1328//1328 1371//1371 1094//1094
f 1331//1331 1283//1283 1105//1105
f 1213//1213 1335//1335 1115//1115
f 1376//1376 1374//1374 1135//1135
f 1378//1378 1338//1338 1144//1144
f 1146//1146 1148//1148 1414//1414
f 1148//1148 1150//1150 1416//1416
f 1341//1341 870//870 872//872
f 1301//1301 909//909 911//911
f 1309//1309 1345//1345 923//923
f 1276//1276 1274//1274 944//944
f 1380//1380 1348//1348 962//962
f 964//964 966//966 1417//1417
f 966//966 968//968 1419//1419
f 1384//1384 1382//1382 969//969
f 1353//1353 1351//1351 976//976
f 1388//1388 1386//1386 982//982
f 1357//1357 1390//1390 986//986
f 1391//1391 1364//1364 994//994
f 995//995 998//998 1421//1421
f 1395//1395 1393//1393 999//999
f 1398//1398 1365//1365 1008//1008
f 1402//1402 1399//1399 1011//1011
f 1015//1015 1424//1424 1402//1402
f 1015//1015 1018//1018 1426//1426
f 1406//1406 1404//1404 1020//1020
f 1410//1410 1407//1407 1024//1024
f 1026//1026 1028//1028 1428//1428
f 1028//1028 1029//1029 1429//1429
f 1029//1029 1032//1032 1431//1431
f 1368//1368 1411//1411 1033//1033
f 1371//1371 1252//1252 1092//1092
f 1285//1285 1334//1334 1110//1110
f 1130//1130 1132//1132 1434//1434
f 1132//1132 1133//1133 1435//1435
f 1294//1294 1376//1376 1138//1138
f 1416//1416 1414//1414 1148//1148
f 1150//1150 1152//1152 1437//1437
f 1152//1152 866//866 1440//1440
f 1187//1187 875//875 878//878
f 1309//1309 925//925 927//927
f 1417//1417 1380//1380 964//964
f 1382//1382 1419//1419 968//968
f 1386//1386 1356//1356 980//980
f 1362//1362 1359//1359 989//989
f 1393//1393 1421//1421 998//998
f 1399//1399 1398//1398 1010//1010
f 1426//1426 1424//1424 1015//1015
f 1407//1407 1406//1406 1021//1021
f 1429//1429 1428//1428 1028//1028
f 1411//1411 1431//1431 1032//1032
f 1278//1278 1329//1329 1097//1097
f 1435//1435 1434//1434 1132//1132
f 1414//1414 1378//1378 1146//1146
f 1440//1440 1437//1437 1152//1152
f 1305//1305 920//920 922//922
f 1419//1419 1417//1417 966//966
f 1390//1390 1388//1388 983//983
f 1324//1324 1395//1395 1002//1002
f 1404//1404 1426//1426 1018//1018
f 1431//1431 1429//1429 1029//1029
f 1434//1434 1291//1291 1130//1130
f 1437//1437 1416//1416 1150//1150
f 1317//1317 955//955 958//958
f 1421//1421 1391//1391 995//995
f 1428//1428 1410//1410 1026//1026
f 1374//1374 1435//1435 1133//1133
f 1350//1350 1384//1384 972//972
f 1204//1204 1370//1370 1038//1038
f 1402//1402 1014//1014 1015//1015
f 1339//1339 1440//1440 866//866
f 1439//1439 1340//1340 571//571
f 1340//1340 1342//1342 568//568
f 1342//1342 1299//1299 564//564
f 1299//1299 1298//1298 559//559
f 1298//1298 1188//1188 555//555
f 1188//1188 1163//1163 552//552
f 1163//1163 1162//1162 547//547
f 1162//1162 1166//1166 543//543
f 1166//1166 1167//1167 540//540
f 1167//1167 1170//1170 536//536
f 1170//1170 1190//1190 531//531
f 1190//1190 1192//1192 528//528
f 1192//1192 1194//1194 524//524
f 1194//1194 1196//1196 520//520
f 1196//1196 1198//1198 516//516
f 1198//1198 1199//1199 511//511
f 1199//1199 1219//1219 508//508
f 1219//1219 1218//1218 503//503
f 1218//1218 1222//1222 499//499
f 1222//1222 1259//1259 496//496
f 1259//1259 1261//1261 492//492
f 1261//1261 1302//1302 488//488
f 1302//1302 1304//1304 484//484
f 1304//1304 1266//1266 479//479
f 1266//1266 1263//1263 476//476
f 1263//1263 1268//1268 471//471
f 1268//1268 1306//1306 467//467
f 1306//1306 1344//1344 463//463
f 1344//1344 1346//1346 460//460
f 1346//1346 1310//1310 456//456
f 1310//1310 1307//1307 452//452
f 1307//1307 1311//1311 448//448
f 1311//1311 1270//1270 444//444
f 1270//1270 1175//1175 440//440
f 1175//1175 1178//1178 436//436
f 1178//1178 1201//1201 432//432
f 1201//1201 1223//1223 428//428
f 1223//1223 1271//1271 424//424
f 1271//1271 1273//1273 420//420
f 1273//1273 1275//1275 415//415
f 1275//1275 1225//1225 412//412
f 1225//1225 1227//1227 408//408
f 1227//1227 1313//1313 404//404
f 1313//1313 1316//1316 400//400
f 1316//1316 1318//1318 395//395
f 1318//1318 1320//1320 391//391
f 1320//1320 1322//1322 387//387
f 1322//1322 1347//1347 384//384
f 1347//1347 1379//1379 380//380
f 1379//1379 1418//1418 375//375
f 1418//1418 1420//1420 372//372
f 1420//1420 1381//1381 367//367
f 1381//1381 1383//1383 363//363
f 1383//1383 1349//1349 360//360
f 1349//1349 1352//1352 356//356
f 1352//1352 1354//1354 351//351
f 1354//1354 1355//1355 347//347
f 1355//1355 1385//1385 344//344
f 1385//1385 1387//1387 339//339
f 1387//1387 1389//1389 335//335
f 1389//1389 1358//1358 332//332
f 1358//1358 1360//1360 328//328
f 1360//1360 1361//1361 323//323
f 1361//1361 1363//1363 320//320
f 1363//1363 1392//1392 316//316
f 1392//1392 1422//1422 312//312
f 1422//1422 1394//1394 308//308
f 1394//1394 1396//1396 303//303
f 1396//1396 1323//1323 299//299
f 1323//1323 1326//1326 296//296
f 1326//1326 1366//1366 292//292
f 1366//1366 1397//1397 288//288
f 1397//1397 1400//1400 283//283
f 1400//1400 1401//1401 280//280
f 1401//1401 1423//1423 275//275
f 1423//1423 1425//1425 271//271
f 1425//1425 1403//1403 268//268
f 1403//1403 1405//1405 264//264
f 1405//1405 1408//1408 260//260
f 1408//1408 1409//1409 255//255
f 1409//1409 1427//1427 252//252
f 1427//1427 1430//1430 247//247
f 1430//1430 1432//1432 244//244
f 1432//1432 1412//1412 240//240
f 1412//1412 1367//1367 235//235
f 1367//1367 1369//1369 232//232
f 1369//1369 1203//1203 227//227
f 1203//1203 1205//1205 223//223
f 1205//1205 1154//1154 219//219
f 1154//1154 1156//1156 215//215
f 1156//1156 1158//1158 212//212
f 1158//1158 1159//1159 207//207
f 1159//1159 1179//1179 203//203
f 1179//1179 1171//1171 200//200
f 1171//1171 1173//1173 196//196
f 1173//1173 1182//1182 192//192
f 1182//1182 1229//1229 187//187
f 1229//1229 1232//1232 184//184
f 1232//1232 1234//1234 179//179
f 1234//1234 1235//1235 176//176
f 1235//1235 1208//1208 171//171
f 1208//1208 1209//1209 168//168
f 1209//1209 1237//1237 164//164
f 1237//1237 1240//1240 159//159
f 1240//1240 1241//1241 155//155
f 1241//1241 1184//1184 152//152
f 1184//1184 1185//1185 148//148
f 1185//1185 1212//1212 143//143
f 1212//1212 1243//1243 140//140
f 1243//1243 1246//1246 136//136
f 1246//1246 1247//1247 131//131
f 1247//1247 1250//1250 127//127
f 1250//1250 1251//1251 123//123
f 1251//1251 1372//1372 119//119
f 1372//1372 1327//1327 116//116
f 1327//1327 1330//1330 112//112
f 1330//1330 1277//1277 108//108
f 1277//1277 1279//1279 103//103
f 1279//1279 1282//1282 99//99
f 1282//1282 1284//1284 95//95
f 1284//1284 1332//1332 92//92
f 1332//1332 1333//1333 88//88
f 1333//1333 1286//1286 84//84
f 1286//1286 1288//1288 80//80
f 1288//1288 1336//1336 75//75
f 1336//1336 1214//1214 72//72
f 1214//1214 1216//1216 68//68
f 1216//1216 1253//1253 63//63
f 1253//1253 1255//1255 60//60
f 1255//1255 1257//1257 56//56
f 1257//1257 1289//1289 51//51
f 1289//1289 1292//1292 48//48
f 1292//1292 1433//1433 44//44
f 1433//1433 1436//1436 40//40
f 1436//1436 1373//1373 35//35
f 1373//1373 1375//1375 31//31
f 1375//1375 1293//1293 27//27
f 1293//1293 1296//1296 24//24
f 1296//1296 1337//1337 20//20
f 1337//1337 1377//1377 15//15
f 1377//1377 1413//1413 12//12
f 1413//1413 1415//1415 7//7
f 1415//1415 1438//1438 2//2
f 1438//1438 1439//1439 3//3
f 3//3 2//2 1438//1438
f 2//2 7//7 1415//1415
f 7//7 12//12 1413//1413
f 12//12 15//15 1377//1377
f 15//15 20//20 1337//1337
f 20//20 24//24 1296//1296
f 24//24 27//27 1293//1293
f 27//27 31//31 1375//1375
f 31//31 35//35 1373//1373
f 35//35 40//40 1436//1436
f 40//40 44//44 1433//1433
f 44//44 48//48 1292//1292
f 48//48 51//51 1289//1289
f 51//51 56//56 1257//1257
f 56//56 60//60 1255//1255
f 60//60 63//63 1253//1253
f 63//63 68//68 1216//1216
f 68//68 72//72 1214//1214
f 72//72 75//75 1336//1336
f 75//75 80//80 1288//1288
f 80//80 84//84 1286//1286
f 84//84 88//88 1333//1333
f 88//88 92//92 1332//1332
f 92//92 95//95 1284//1284
f 95//95 99//99 1282//1282
f 99//99 103//103 1279//1279
f 103//103 108//108 1277//1277
f 108//108 112//112 1330//1330
f 112//112 116//116 1327//1327
f 116//116 119//119 1372//1372
f 119//119 123//123 1251//1251
f 123//123 127//127 1250//1250
f 127//127 131//131 1247//1247
f 131//131 136//136 1246//1246
f 136//136 140//140 1243//1243
f 140//140 143//143 1212//1212
f 143//143 148//148 1185//1185
f 148//148 152//152 1184//1184
f 152//152 155//155 1241//1241
f 155//155 159//159 1240//1240
f 159//159 164//164 1237//1237
f 164//164 168//168 1209//1209
f 168//168 171//171 1208//1208
f 171//171 176//176 1235//1235
f 176//176 179//179 1234//1234
f 179//179 184//184 1232//1232
f 184//184 187//187 1229//1229
f 187//187 192//192 1182//1182
f 192//192 196//196 1173//1173
f 196//196 200//200 1171//1171
f 200//200 203//203 1179//1179
f 203//203 207//207 1159//1159
f 207//207 212//212 1158//1158
f 212//212 215//215 1156//1156
f 215//215 219//219 1154//1154
f 219//219 223//223 1205//1205
f 223//223 227//227 1203//1203
f 227//227 232//232 1369//1369
f 232//232 235//235 1367//1367
f 235//235 240//240 1412//1412
f 240//240 244//244 1432//1432
f 244//244 247//247 1430//1430
f 247//247 252//252 1427//1427
f 252//252 255//255 1409//1409
f 255//255 260//260 1408//1408
f 260//260 264//264 1405//1405
f 264//264 268//268 1403//1403
f 268//268 271//271 1425//1425
f 271//271 275//275 1423//1423
f 275//275 280//280 1401//1401
f 280//280 283//283 1400//1400
f 283//283 288//288 1397//1397
f 288//288 292//292 1366//1366
f 292//292 296//296 1326//1326
f 296//296 299//299 1323//1323
f 299//299 303//303 1396//1396
f 303//303 308//308 1394//1394
f 308//308 312//312 1422//1422
f 312//312 316//316 1392//1392
f 316//316 320//320 1363//1363
f 320//320 323//323 1361//1361
f 323//323 328//328 1360//1360
f 328//328 332//332 1358//1358
f 332//332 335//335 1389//1389
f 335//335 339//339 1387//1387
f 339//339 344//344 1385//1385
f 344//344 347//347 1355//1355
f 347//347 351//351 1354//1354
f 351//351 356//356 1352//1352
f 356//356 360//360 1349//1349
f 360//360 363//363 1383//1383
f 363//363 367//367 1381//1381
f 367//367 372//372 1420//1420
f 372//372 375//375 1418//1418
f 375//375 380//380 1379//1379
f 380//380 384//384 1347//1347
f 384//384 387//387 1322//1322
f 387//387 391//391 1320//1320
f 391//391 395//395 1318//1318
f 395//395 400//400 1316//1316
f 400//400 404//404 1313//1313
f 404//404 408//408 1227//1227
f 408//408 412//412 1225//1225
f 412//412 415//415 1275//1275
f 415//415 420//420 1273//1273
f 420//420 424//424 1271//1271
f 424//424 428//428 1223//1223
f 428//428 432//432 1201//1201
f 432//432 436//436 1178//1178
f 436//436 440//440 1175//1175
f 440//440 444//444 1270//1270
f 444//444 448//448 1311//1311
f 448//448 452//452 1307//1307
f 452//452 456//456 1310//1310
f 456//456 460//460 1346//1346
f 460//460 463//463 1344//1344
f 463//463 467//467 1306//1306
f 467//467 471//471 1268//1268
f 471//471 476//476 1263//1263
f 476//476 479//479 1266//1266
f 479//479 484//484 1304//1304
f 484//484 488//488 1302//1302
f 488//488 492//492 1261//1261
f 492//492 496//496 1259//1259
f 496//496 499//499 1222//1222
f 499//499 503//503 1218//1218
f 503//503 508//508 1219//1219
f 508//508 511//511 1199//1199
f 511//511 516//516 1198//1198
f 516//516 520//520 1196//1196
f 520//520 524//524 1194//1194
f 524//524 528//528 1192//1192
f 528//528 531//531 1190//1190
f 531//531 536//536 1170//1170
f 536//536 540//540 1167//1167
f 540//540 543//543 1166//1166
f 543//543 547//547 1162//1162
f 547//547 552//552 1163//1163
f 552//552 555//555 1188//1188
f 555//555 559//559 1298//1298
f 559//559 564//564 1299//1299
f 564//564 568//568 1342//1342
f 568//568 571//571 1340//1340
f 571//571 3//3 1439//1439

